,from,title,organizer,act_date,age_limit,url,img_url,description,reg_date,category,field
1,yda,2020 國際青年防救災研習營,科技部國家災害防救科技中心、慈濟慈善事業基金會,"即日起 ~ 2020/08/19, 2020/09/01 ~ 2020/09/01, 2020/09/01 ~ 2020/09/04",18歲 ~ 40歲,https://youth-resources.yda.gov.tw//subject/content/tHK0SCaWE37lBbuY6b1d_A,https://youth-resources.yda.gov.tw//images/subject/1/6.jpg,配合國家新南向政策聚焦在「以人為本，用心交流」，科技部在推動「智慧防災新南向計畫」工作之同時，也辦理國際青年防救災研習營，希望強化與新南向各國來分享臺灣防災科技與經驗，本次研習營由科技部國家災害防救科技中心（災防科技中心）、慈濟慈善事業基金會（慈濟基金會）、財團法人國際合作發展基金會（國合會）聯合主辦。集合在臺灣就讀，且有志從事或參與防減災事務的國內及國際青年學子，透過模擬災害情境、資訊系統、現場操作、團隊合作，展現年輕人的行動力與創意，提昇防減災的準備與能力。,,自然科學,自然科學領域
2,yda,109年度臺中市社區營造專業培力計畫,臺中市政府文化局,2020/09/08 ~ 2020/09/30,不限,https://youth-resources.yda.gov.tw//subject/content/lX9TgapfSX8g-zdQduqe-w,https://youth-resources.yda.gov.tw//images/subject/1/9.jpg,一、為協助具推動社區營造熱忱與潛力之相關組織團體或個人，共同推動社區營造工作，強化地方自助互助、開創在地特色的文化內涵，持續鼓勵社區連結周邊資源，台中市政府文化局特辦理「109年度臺中市社區營造專業培力計畫」。,,社會人文,社會領域
3,yda,桃園市109年地方創生與社會企業群眾募資專業輔導計畫,青年事務局,即日起 ~ 2020/09/20,45歲以下,https://youth-resources.yda.gov.tw//subject/content/37m9YkHAc0xIF0LgoWaOIQ,https://youth-resources.yda.gov.tw//Files/Projects/2020/0831/1027/Cover/0658447_f6fb.jpg,◆緣起與目的為推動桃園地方創生與社會企業，藉由本計畫輔導長期投入公共議題與社會創新之團隊，將青年創造力透過媒合與策劃，集結社會大眾的力量支持，使其創意轉化成商品化之營運資金，並協助宣傳提高品牌認同度，以多元面向管道讓青年團隊在返鄉創業的道路上更加順利。,,社會人文,社會領域
4,yda,新住民子女自我探索及生涯輔導方案計畫,國民及學前教育署,不限,不限,https://youth-resources.yda.gov.tw//subject/content/_tqweNPiPLENrKCaSgo79w,https://youth-resources.yda.gov.tw//images/subject/1/3.jpg,◆目的;(1)為新住民或對跨文化助人工作有心之人士提供家庭和社區志工培訓及服務學習機會;(2)以協助具多元文化背景之學齡兒童與青少年經由自我探索建立身份認同;(3)經由社會情緒適應能力之提昇促進其學業及生涯整體發展,,自我成長,綜合活動領域
5,yda,臺中文學館志工服務隊,臺中市政府文化局,即日起 ~ 2020/09/10,16歲以上,https://youth-resources.yda.gov.tw//subject/content/MhF5hp6LPtMOQsffQ1tm7g,https://youth-resources.yda.gov.tw//images/subject/1/10.jpg,◆召募目的1.結合社會資源及文學愛好者共同推廣文學;2.提供各界人士參與公共服務機會，發揚公益精神;3.豐富生活，增廣視野，終身學習; ,,社會人文,社會領域
6,yda,青年回鄉行動獎勵計畫,行政院農業委員會水土保持局,2020/08/21 ~ 2020/10/31,18歲 ~ 45歲,https://youth-resources.yda.gov.tw//subject/content/iKZNOxZuvHallwaupIssaQ,https://youth-resources.yda.gov.tw//images/subject/1/8.jpg,◆計畫目標為鼓勵青年學子或回鄉青年依所發掘之農村相關問題導入創意構想;(1)由青年個人、青年組成團隊由一位青年代表提出行動計畫;(2)發揮社會影響力、創造農村三生新價值;以達青年返回農村並留下來服務農村之目標。,,社會人文,社會領域
7,yda,第三屆桃園時代青年行動家徵選,桃園市政府青年事務局,2020/07/21 ~ 2020/08/21,18歲 ~ 35歲,https://youth-resources.yda.gov.tw//subject/content/aTOfw0dQiokowakxxuOjeg,https://youth-resources.yda.gov.tw//Files/Projects/2020/0819/1019/Cover/5956773_1970.jpg,「感動，源自行動！」雖然今年度因為疫情突襲，許多事情面臨了衝擊，但我們相信懷抱著熱忱、理想與使命感的你，依然保持行動的步調，用自己的方式帶給這個世界更多的感動。,,社會人文,社會領域
8,yda,109年度補助「客家學術、社區營造、政策推廣、音樂及劇...,臺北市政府客家事務委員會,即日起 ~ 2020/09/25,20歲以上,https://youth-resources.yda.gov.tw//subject/content/w5WkLi-smuJi13KgZYvrZA,https://youth-resources.yda.gov.tw//images/subject/1/5.jpg,臺北市政府客家事務委員會為推展客家文化，鼓勵客家學術研究及文化研習，推展社區營造，提昇客家相關音樂、劇本創作動能，特訂定本計畫。,,藝術文化,藝術領域
9,yda,2020 臺北市參與式預算論壇：公民參與的青年新動力 優秀...,臺北市政府,即日起 ~ 2020/10/31,20歲以上,https://youth-resources.yda.gov.tw//subject/content/ubv4ms_KBeuHcxlq_8lzbg,https://youth-resources.yda.gov.tw//images/subject/1/2.jpg,為鼓勵青年學子運用政府資料，對臺北市「參與式預算」及「公民參與」相關議題進行研究，提供具創意性的思維與興革建議，特舉辦優秀論文選拔，鼓勵公開發表，並給予獎助與榮譽。,,社會人文,社會領域
10,yda,109年度社造人才培育課程,桃園市政府文化局,即日起 ~ 2020/08/17,不限,https://youth-resources.yda.gov.tw//subject/content/qZj403C3mUFokh75kP-ZaA,https://youth-resources.yda.gov.tw//Files/Projects/2020/0803/1014/Cover/3530686_52b4.jpg,本課程希望募集關心公共議題的熱心夥伴一起擔任觀察員，找出桃園都會之美，引領居民思考生活議題，學習撰擬社造計畫，用行動讓桃園變得更美好！,,社會人文,社會領域
11,yda,2020 城市數據實境賽,經濟部中小企業處,2020/08/05 ~ 2020/09/10,不限,https://youth-resources.yda.gov.tw//subject/content/W_vdo6eUfz2h_GzYaCqU9g,https://youth-resources.yda.gov.tw//Files/Projects/2020/0819/1021/Cover/1520192_ad71.jpg,為建構林口新創園成為數據創育服務場域，發展多元的創新創業數據生態圈，以健康、商務及城市數據為主題，鼓勵新創團隊透過數據進行新商業模式發想。,,商業管理,綜合活動領域
12,yda,第三屆桃園時代青年行動家徵選,桃園市政府青年事務局,2020/07/21 ~ 2020/08/21,18歲 ~ 35歲,https://youth-resources.yda.gov.tw//subject/content/aTOfw0dQiokowakxxuOjeg,https://youth-resources.yda.gov.tw//Files/Projects/2020/0819/1019/Cover/5956773_1970.jpg,「感動，源自行動！」雖然今年度因為疫情突襲，許多事情面臨了衝擊，但我們相信懷抱著熱忱、理想與使命感的你，依然保持行動的步調，用自己的方式帶給這個世界更多的感動。,,社會人文,社會領域
13,yda,2020故宮線上策展人計畫,故宮博物院,2020/06/20 ~ 2020/08/20,18歲以上,https://youth-resources.yda.gov.tw//subject/content/7AEJ-lOtc_672d6WFiAbsw,https://youth-resources.yda.gov.tw//Files/Projects/2020/0710/1011/Cover/1819258_b02c.jpg,國立故宮博物院為擴大公眾參與，以本院豐厚典藏為基礎進行「線上策展人計畫」的徵選活動。讓參賽者透過故宮Open Data資料開放平台的精選文物來集思廣益，構築線上展覽，達到院藏文物教育推廣的目的。,,社會人文,社會領域
14,yda,文化部「社會創新專業服務協力計畫」,文化部,即日起 ~ 2020/07/24,不限,https://youth-resources.yda.gov.tw//subject/content/oRK_Hd1ZZPuVuoIGd5cIXA,https://youth-resources.yda.gov.tw//Files/Projects/2020/0710/1010/Cover/5157018_18b6.jpg,文化部自109年首度啟動「社會創新專業服務協力計畫」，以「文化社造、農創傳承、世代共創、多元平權、永續創生」等五大面向為主軸，並透過公開徵求提案（Open Call）方式，招募優秀之社會創新團隊得以充分發揮所長，協助各項議題發掘永續解決方案，並進一步形塑典範以有效擴散社會影響力。,,社會人文,社會領域
15,yda,2020全國燒烙大賽,嘉義市政府文化局,2020/07/11 ~ 2020/08/31,17歲以上,https://youth-resources.yda.gov.tw//subject/content/mNT1AwiOSRNnakVxQn74gQ,https://youth-resources.yda.gov.tw//Files/Projects/2020/0707/995/Cover/4540456_8c7b.jpg,鼓勵燒烙創作風氣，推動全民美育。提升燒烙創作水準，促進文化交流。,,自我成長,綜合活動領域
16,yda,玩轉職涯新旅行 – 嘉義青年職涯探索研習營,嘉義縣社會局,"2020/07/07開始, 2020/08/18 ~ 2020/08/20",15歲 ~ 29歲,https://youth-resources.yda.gov.tw//subject/content/PBrsaD4-i45Giu89NmFmdw,https://youth-resources.yda.gov.tw//Files/Projects/2020/0707/994/Cover/3020729_9592.jpg,一位職涯旅人，就從了解自我和職涯規劃開始，學習撰寫履歷、模擬面試、人際相處與溝通及勞動法令了解，找出最適合的職涯目標，超前做好就業準備，面對未來就業的囧境。,,自我成長,綜合活動領域
17,yda,2021臺灣陶藝獎,新北市政府,"即日起 ~ 2020/06/01, 2020/10/30 ~ 2021/01/08, 2020/10/30 ~ 2021/01/08, 2020/10/30 ~ 2021/01/08",不限,https://youth-resources.yda.gov.tw//subject/content/3byP6sTZEdIvjVUGmS3lOg,https://youth-resources.yda.gov.tw//images/subject/2/6.jpg,新北市政府為鼓勵陶藝創作、提昇陶藝文化，以「見證典範、創建未來、豐富當下」之精神， 策劃「臺灣陶藝獎」，並設置「卓越獎」、「創作獎」、「實用獎」、「新銳獎」四大獎項，冀望以此為臺灣陶藝文化挹注活水、開拓新疆。,,藝術文化,藝術領域
18,yda,109年度「智慧農業創新提案暨國際標竿行動學習計畫」,行政院農業委員會,即日起 ~ 2020/06/12,18歲 ~ 60歲,https://youth-resources.yda.gov.tw//subject/content/5zvYo6grhgr10o0LfoVLmw,https://youth-resources.yda.gov.tw//images/subject/2/10.jpg,行政院農委會自106年起正式推動「智慧農業計畫」，期能透過智慧化生產與管理，提升農業整體生產效率與量能，為培育產業推動智慧農業的核心種子人員，本計畫將舉辦國內行動標竿學習課程，藉由標竿學習、案例分享及課程講授與討論，激發參訓學員創新思維，共同提出智慧農業創新提案，並協助產業運用創新提案銜接政府相關資源補助。,,智慧農業,自然科學領域
19,yda,海洋委員會海巡署109年海洋學生體驗營,海洋委員會海巡署,"2020/05/15 ~ 2020/06/05, 2020/06/08 ~ 2020/06/28, 2020/07/03 ~ 2020/07/24, 2020/08/03 ~ 2020/08/24",13歲 ~ 30歲,https://youth-resources.yda.gov.tw//subject/content/VJt69joo11Slhha7nfnIpw,https://youth-resources.yda.gov.tw//images/subject/2/7.jpg,為使青年學子體認海洋權益、生態保育與資源永續之重要性，培養海洋情感與知識，並增進對海巡工作之瞭解，進而支持及加入海巡、海洋保育有關事務，海洋委員會以國內大專院校(含研究生)、國高中(職)在學學生為參加對象，各分署於109年7月至10月，區分大專院校生、研究生 (3天2夜)及國、高中(職)生(2天1夜)規劃辦理海洋學生體驗營系列活動。,,自然科學,自然科學領域
20,yda,2020新創千里馬創業競賽,桃園市政府青年事務局,即日起 ~ 2020/06/21,18歲 ~ 35歲,https://youth-resources.yda.gov.tw//subject/content/bEq7avduM1RO6TeokhZEIQ,https://youth-resources.yda.gov.tw//Files/Projects/2020/0518/965/Cover/2507894_884e.jpg,基於延續桃園創新創業能量，打造最佳的創業發展平台，以物聯網、AR/VR/MR(簡稱XR)、人工智慧、資通訊、數位服務或智慧機器人等新創產業為主題，營造創新氛圍、帶動創業精神，並協助新創團隊前進國內外市場，透過網站、社群、政府平台、媒體及說明會，廣招全國新創團隊與公司參加競賽，辦理宣傳「新創千里馬創業競賽」，齊聚全國各地熱血的青年創業團隊，盡情揮灑創新創意的點子，以Demo-Pitch等方式選拔具潛力的優勝新創團隊，成為培育其前進國內外市場、新創展覽或進行創投媒合等種子，並持續協助其發芽、成長及茁壯，作為桃園地區新創產業的發展基石，以及深化國內外新創資源鏈結。2020「新創千里馬創業競賽」分三大類別：創意式電梯簡報、創新式新創團隊與主題式新創公司。一、報名時間：即日起至2020/6/21 (24:00前),,商業管理,綜合活動領域
21,yda,桃園市109年地方創生與社會企業群眾募資專業輔導計畫,青年事務局,即日起 ~ 2020/09/20,45歲以下,https://youth-resources.yda.gov.tw//subject/content/37m9YkHAc0xIF0LgoWaOIQ,https://youth-resources.yda.gov.tw//Files/Projects/2020/0831/1027/Cover/0658447_f6fb.jpg,◆緣起與目的為推動桃園地方創生與社會企業，藉由本計畫輔導長期投入公共議題與社會創新之團隊，將青年創造力透過媒合與策劃，集結社會大眾的力量支持，使其創意轉化成商品化之營運資金，並協助宣傳提高品牌認同度，以多元面向管道讓青年團隊在返鄉創業的道路上更加順利。,,社會人文,社會領域
22,yda,110年度「補助業界開發國際市場計畫」,經濟部國際貿易局,即日起 ~ 2020/10/12,不限,https://youth-resources.yda.gov.tw//subject/content/jhKSXOW2KEPK3hauEWjXgQ,https://youth-resources.yda.gov.tw//Files/Projects/2020/0827/1026/Cover/4220066_c7d1.jpg,為鼓勵廠商以多元、創新或整合性之行銷作法，布建海外行銷通路,,商業管理,綜合活動領域
23,yda,臺北市公共藝術補助,臺北市政府文化局,2020/08/21 ~ 2020/09/21,不限,https://youth-resources.yda.gov.tw//subject/content/6h0N2Mjk2AhMvTrw67aCEw,https://youth-resources.yda.gov.tw//images/subject/3/10.jpg,臺北市政府文化局為提升市民生活文化品質與美學素養、美化都市公共空間及鼓勵藝術工作者發揮藝術創意辦理公共藝術,,藝術文化,藝術領域
24,yda,臺北市創業團隊輔導計畫,臺北市政府產業發展局,不限,不限,https://youth-resources.yda.gov.tw//subject/content/9U6O3MDUVcUAPnRq27IvcQ,https://youth-resources.yda.gov.tw//images/subject/3/1.jpg,今年啟動「臺北市創業團隊輔導計畫」，重點針對脫離草創階段，且已具備成熟商業模式之優秀新創，提供更進階完善的資源。邀請不同領域專家擔任業師，受輔導業師推薦之團隊，有機會參與臺北市舉辦的創業活動，加速企業發展，提升臺北市創業能量，打造亞洲創新創業最適發展的城市。,,商業管理,綜合活動領域
25,yda,青年回鄉行動獎勵計畫,行政院農業委員會水土保持局,2020/08/21 ~ 2020/10/31,18歲 ~ 45歲,https://youth-resources.yda.gov.tw//subject/content/iKZNOxZuvHallwaupIssaQ,https://youth-resources.yda.gov.tw//images/subject/3/5.jpg,◆計畫目標為鼓勵青年學子或回鄉青年依所發掘之農村相關問題導入創意構想。(1)由青年個人、青年組成團隊由一位青年代表提出行動計畫。(2)發揮社會影響力、創造農村三生新價值。以達青年返回農村並留下來服務農村之目標。,,社會人文,社會領域
26,yda,2020台北新貿獎,台北市政府產業發展局,"2020/06/10 ~ 2020/07/24, 2020/07/27 ~ 2020/07/30",不限,https://youth-resources.yda.gov.tw//subject/content/E52XX0PvZ9AfdaY3ZD9ECg,https://youth-resources.yda.gov.tw//Files/Projects/2020/0708/1007/Cover/5241217_d47a.jpg,目的為鼓勵台北市企業以跨境電子商務(以下簡稱「跨境電商」)推展國際市場，獎勵經營跨境電子商務或提供相關服務，並於企業策略、商業模式及運營績效表現著的企業，並足以作為國內企業在發展跨境電商中學習的典範。,,商業管理,綜合活動領域
27,yda,基隆市109年度青年創業貸款利息補貼計畫,基隆市政府,2020/01/01 ~ 2020/12/31,20歲 ~ 45歲,https://youth-resources.yda.gov.tw//subject/content/LQtkoMyApmvlTZXRo-oGwQ,https://youth-resources.yda.gov.tw//Files/Projects/2020/0708/1006/Cover/3614137_31e5.jpg,壹、目的：為鼓勵有志創業青年於本市投入事業之創建經營，並減輕創業初期貸款利息之負擔，特訂定本計畫。,,商業管理,綜合活動領域
28,yda,高雄市政府109年度大專青年學生公部門暑期工讀計畫,高雄市政府青年局,"2020/07/07 ~ 2020/07/08, 2020/07/16 ~ 2020/07/16, 2020/07/28 ~ 2020/08/28",18歲以上,https://youth-resources.yda.gov.tw//subject/content/6GKneyZE_61zUNpcDC7NbA,https://youth-resources.yda.gov.tw//Files/Projects/2020/0707/999/Cover/5344697_0425.jpg,高雄市政府推出109年度「大專青年學生公部門暑期工讀計畫」，提供406個公部門工讀機會（原392名，增額14名）。,,社會人文,社會領域
29,yda,玩轉職涯新旅行 – 嘉義青年職涯探索研習營,嘉義縣社會局,"2020/07/07開始, 2020/08/18 ~ 2020/08/20",15歲 ~ 29歲,https://youth-resources.yda.gov.tw//subject/content/PBrsaD4-i45Giu89NmFmdw,https://youth-resources.yda.gov.tw//Files/Projects/2020/0707/994/Cover/3020729_9592.jpg,一位職涯旅人，就從了解自我和職涯規劃開始，學習撰寫履歷、模擬面試、人際相處與溝通及勞動法令了解，找出最適合的職涯目標，超前做好就業準備，面對未來就業的囧境。,,自我成長,綜合活動領域
30,yda,新北市斜槓青年職能培力計畫,新北市政府勞工局,不限,18歲 ~ 29歲,https://youth-resources.yda.gov.tw//subject/content/tUME_UU77j5Z5uIHU-_aOw,https://youth-resources.yda.gov.tw//images/subject/3/9.jpg,一、為因應新興就業趨勢、培力青年職場專業技能並提升青年對於職涯之應變能力，透過「培力行動模式」，並提供培力津貼及職業訓練補助，協助青年將其技能、經驗、興趣結合，提升自己的職業能力，才有足夠能量面對多元職涯的選擇。,,自我成長,綜合活動領域
31,yda,2020 國際青年防救災研習營,科技部國家災害防救科技中心、慈濟慈善事業基金會,"即日起 ~ 2020/08/19, 2020/09/01 ~ 2020/09/01, 2020/09/01 ~ 2020/09/04",18歲 ~ 40歲,https://youth-resources.yda.gov.tw//subject/content/tHK0SCaWE37lBbuY6b1d_A,https://youth-resources.yda.gov.tw//images/subject/4/8.jpg,配合國家新南向政策聚焦在「以人為本，用心交流」，科技部在推動「智慧防災新南向計畫」工作之同時，也辦理國際青年防救災研習營，希望強化與新南向各國來分享臺灣防災科技與經驗，本次研習營由科技部國家災害防救科技中心（災防科技中心）、慈濟慈善事業基金會（慈濟基金會）、財團法人國際合作發展基金會（國合會）聯合主辦。集合在臺灣就讀，且有志從事或參與防減災事務的國內及國際青年學子，透過模擬災害情境、資訊系統、現場操作、團隊合作，展現年輕人的行動力與創意，提昇防減災的準備與能力。,,自然科學,自然科學領域
32,yda,110年度「補助業界開發國際市場計畫」,經濟部國際貿易局,即日起 ~ 2020/10/12,不限,https://youth-resources.yda.gov.tw//subject/content/jhKSXOW2KEPK3hauEWjXgQ,https://youth-resources.yda.gov.tw//Files/Projects/2020/0827/1026/Cover/4220066_c7d1.jpg,為鼓勵廠商以多元、創新或整合性之行銷作法，布建海外行銷通路,,商業管理,綜合活動領域
33,yda,110年iYouth voice青年國際發聲及蹲點研習計畫,教育部青年發展署,"即日起 ~ 2020/11/30, 即日起 ~ 2021/04/30",18歲 ~ 35歲,https://youth-resources.yda.gov.tw//subject/content/ihbnHzbS_yR5swv4BtDl4A,https://youth-resources.yda.gov.tw//images/subject/4/1.jpg,旨揭計畫係為鼓勵18至35歲之青年，積極參與全球國際組織及非政府組織之國際會議、活動或計畫，於各領域代表青年或代表臺灣發聲，或長期於國際組織蹲點研習，提高青年國際參與能力，特定本計畫。,,社會人文,社會領域
34,yda,2020台北新貿獎,台北市政府產業發展局,"2020/06/10 ~ 2020/07/24, 2020/07/27 ~ 2020/07/30",不限,https://youth-resources.yda.gov.tw//subject/content/E52XX0PvZ9AfdaY3ZD9ECg,https://youth-resources.yda.gov.tw//Files/Projects/2020/0708/1007/Cover/5241217_d47a.jpg,目的為鼓勵台北市企業以跨境電子商務(以下簡稱「跨境電商」)推展國際市場，獎勵經營跨境電子商務或提供相關服務，並於企業策略、商業模式及運營績效表現著的企業，並足以作為國內企業在發展跨境電商中學習的典範。,,商業管理,綜合活動領域
35,yda,「超暖青年—國際、偏鄉、青銀」行動計畫,教育部青年發展署,"2020/04/15 ~ 2020/10/30, 即日起 ~ 2020/11/20",18歲 ~ 35歲,https://youth-resources.yda.gov.tw//subject/content/bn6YuyQcDKPEdIMRJJWSdg,https://youth-resources.yda.gov.tw//images/subject/4/9.jpg,(一) 為促進青年瞭解國際脈動及趨勢，鼓勵青年以服務學習精神，運用創意多元方式宣導及介紹國際議題，培育青年國際素養，引領更多青年關注全球焦點，落實青年全球移動力政策及目標。(二) 偏鄉教育、數位落差、產業等面臨許多困難與挑戰，為消弭城鄉差距，鼓勵青年結合自身專長從事偏鄉議題倡導，捲動更多青年投入偏鄉關懷行列。(三) 人口老化是世界共同議題，老年族群面臨不同層面問題，常需仰賴政府相關福利政策及資源提供保障，期待藉由青年力量及關懷，豐富高齡人口老年生活，共創美好和諧社會。,,社會人文,社會領域
36,yda,科技部「博士創新之星」計畫,科技部,2020/04/01 ~ 2020/04/30,40歲以下,https://youth-resources.yda.gov.tw//subject/content/mwHSqNsaYKcMcZA2CkZg0g,https://youth-resources.yda.gov.tw//images/subject/4/2.jpg,為培育臺灣高階科技創新創業人才，引領臺灣高品質人才連結未來世界以建立我國創新平臺， 科技部推動「博士創新之星計畫」，選派具創新創業企圖心之40歲以下高階人才赴美國、法國及以色列等企業、 新創公司以及知名學研機構進行專案合作研習6-12個月，一年補助150萬。希望藉此開拓我國高階人才之能力與創新思維， 並透過參與當地創新創業或相關社群活動，建立我國與海外創新資源之連結， 並在返臺後能對臺灣產業或學研界有所貢獻。,,商業管理,綜合活動領域
37,yda,國際法研究獎學金,外交部,即日起 ~ 2020/09/30,18歲以上,https://youth-resources.yda.gov.tw//subject/content/ArkST6U3ssOUNqd-eYCyig,https://youth-resources.yda.gov.tw//images/subject/4/5.jpg,"外交部為鼓勵我國優秀青年致力國際法研究，提昇國際法專業，以充實我國外交實務工作的能量，設置「國際法研究獎學金」，供國內各大專院校符合條件的在學學生申請。109年首度舉辦「國際法研究獎學金」，預定遴選3名，頒發獎金各新臺幣8萬元。申請人須於9月30日以前提交5,000字國際公法專題報告經學校轉送外交部，詳細申請及審核辦法將另公告並通函周知大專院校。",,社會人文,社會領域
38,yda,藝術與設計菁英海外培訓計畫,教育部,即日起 ~ 2020/06/03,19歲以上,https://youth-resources.yda.gov.tw//subject/content/Y0-7IobXRuvQxE8ncgwRSA,https://youth-resources.yda.gov.tw//Files/Projects/2020/0318/917/Cover/4612094_afb3.jpg,110年度「藝術與設計菁英海外培訓計畫」甄選領域共分為「數位動畫組」、「視覺傳達設計組」、「產品設計組」、「建築與景觀設計組」及「時尚設計組」五組，經國內培訓研習後甄選錄取表現優異學生(預計選送34名)，可獲得全額學費及生活費補助赴海外合作單位進修、實習或受訓1年。,,藝術文化,藝術領域
39,yda,桃園市109年度青年國際志工服務計畫, 桃園市政府青年事務局,即日起 ~ 2020/04/24,15歲 ~ 35歲,https://youth-resources.yda.gov.tw//subject/content/8VJGRN3Tz2QJfSDi09shqw,https://youth-resources.yda.gov.tw//images/subject/4/7.jpg,為鼓勵青年志工從事海外服務性營隊或方案，結合本市大專校院及民間資源，運用青年志工所學專業與知能，培養青年國際社會公民義務及使命感，並實踐聯合國永續發展會議簽署的2030年17項全球永續發展目標（SDGs），以支持青年永續行動及人道關懷的志業，共同提升國際關懷與地球村公民之參與度。,,自我成長,綜合活動領域
40,yda,青年農民創新加值經營及海外研習計畫,行政院農業委員會,"即日起 ~ 2019/08/30, 即日起 ~ 2020/02/21",18歲 ~ 45歲,https://youth-resources.yda.gov.tw//subject/content/Tq4b-wUaoxIhul8Mc-gWIA,https://youth-resources.yda.gov.tw//images/subject/4/4.jpg,為培養青年農民戰略性農業經營策略思維，行政院農委會於「108年度青年農民創新加值經營及海外研習計畫」辦理海外標竿產業研習，研習主題包含地方創生、六級化產業、農企業戰略布局、新南向、設施農業、國際行銷等，預計招收農委會專案輔導青農以及在地青農，並給予部分團費補助，另也將邀請專家顧問擔任研習團團長帶領前往，透過行前研習、行中研討及成果報告，強化參訪研習效益。,,智慧農業,自然科學領域
110,國立台北大學,臺北大學第十二屆金融研習營 ,國立台北大學,2021/2/1-2/4,15歲~18歲,https://www.facebook.com/ntpufcm5,https://scontent.ftpe8-2.fna.fbcdn.net/v/t1.0-0/p180x540/118695561_3413912401999814_953501754491201642_o.jpg?_nc_cat=103&_nc_sid=e3f864&_nc_ohc=IE5V3eB9KL0AX_xTGzP&_nc_ht=scontent.ftpe8-2.fna&tp=6&oh=ac5ff749dc07fd748dcb5695573f8a6b&oe=5FA51667,國立臺北大學第十二屆金融研習營,2020/10/1-10/31,商業管理,綜合活動領域
210,國立交通大學,2021國立交通大學奈米科學營 ,國立交通大學,2021/2/5-2/9,15歲~18歲,https://www.facebook.com/nctunanocamp,https://scontent.ftpe8-3.fna.fbcdn.net/v/t1.0-9/s960x960/120260955_3441678105890548_3420861663583180682_o.jpg?_nc_cat=106&_nc_sid=e3f864&_nc_ohc=tNOUVmQAWvEAX9u2gzI&_nc_ht=scontent.ftpe8-3.fna&tp=7&oh=54e9b98b679d19180be250c96f67e416&oe=5FA744FE,2021國立交通大學奈米營報名表單正式開跑啦！相信身為高中生的你你你你你還有你，絕對不會知道自己真正喜歡什麼擅長什麼，也不知道自己將來要念什麼科系，這時候來奈米科學營將是你最好的選擇！奈米學士班是全台唯一橫跨電子/材料/生科/光電 四個領域的學系。可以讓你充分體驗四大領域的課程與精髓，讓自己不再迷惘，對未來規劃絕對幫助甚大！不論你想探索自己喜歡的領域，抑或是想認識奈米學士班，甚至只是寒假閒閒沒事幹，這時候就來交通大學奈米科學營，體驗四大領域專屬課程，更有寓教於樂的各種遊戲挑戰，還能結識來自全台各路的夥伴，讓你的寒假不再空白，在奈米科學營發現你自己！在2021寒假，給自己一個不一樣的選擇，認識全新的你自己。,2020/10/4 - 12/31,自然科學,自然科學領域
310,國立嘉義大學,偷偷告數你#2021嘉大數位廣告營 ,國立嘉義大學,2021/01/26-01/29,15歲~18歲,https://www.facebook.com/DEDMADCAMP/,https://scontent.ftpe8-2.fna.fbcdn.net/v/t1.0-9/s960x960/118943086_831628697576234_1507107965555619985_o.jpg?_nc_cat=100&_nc_sid=e3f864&_nc_ohc=3fBvcJDLcOUAX_3dLCA&_nc_ht=scontent.ftpe8-2.fna&tp=7&oh=87eb5c96ebb3f7722ad1679d7a2a6760&oe=5FA78D82,除了空拍機、文案簡報設計、鏡頭語言、Pr剪輯之外，還有很多精彩的戶外活動，心動不如馬上行動趕緊的報名躁起來:空拍機 | 穿梭於藍天的感動，Adobe Illustrator CC | 基礎工具繪圖技巧，廣告文案/簡報設計/鏡頭語言/影像構圖 | 文案製作拍攝技巧(簡報設計是新增加的課程哦，一個文案呈現時如何更抓住別人的目光，絕對不要錯過😆)，Adobe Premiere Pro | 後期後製剪輯調色,2020/10/2 - 12/01,商業管理,綜合活動領域
71,中國文化大學,中國文化大學 「 大學生活體驗營 飛躍俄羅斯 」 ,中國文化大學,2020/10/31,15歲~18歲,https://crgarl.pccu.edu.tw/files/87-1080-706.php?Lang=zh-tw,https://crgarl.pccu.edu.tw/ezfiles/80/1080/img/2092/446509105.jpg,活動內容以「俄羅斯探索課程」為主軸，同時安排有「校園導覽」。「俄羅斯探索課程」包括俄羅斯文化介紹、美食及傳統手工藝品實作、學生遊學見聞分享等展現本系特色。「校園導覽」則規劃帶領學生認識本校圖書館之俄文藏書、體育館等之學習環境。,2020/09/28-10/18,藝術文化,藝術領域
81,國立嘉義大學,第十屆嘉義大學生化營 ,國立嘉義大學,2021/02/01-02/04,15歲~18歲,https://10thbcstcamp.wixsite.com/website,"https://static.wixstatic.com/media/af31fb_c4614b2ae1234b3bb52ac9a3daca0bab~mv2.png/v1/fill/w_469,h_645,al_c,q_85/%E7%94%9F%E5%8C%96%E7%87%9F%E6%B5%B7%E5%A0%B1%20%E5%AE%9A.webp",課程一：微生物應用，微生物在我們生活中無所不在，有很多應用，像是農業的微生物肥料、醫療用抗生素、啤酒、醬油……等。課程二：粗DNA萃取，DNA是由五碳糖、含氮鹼基、磷酸等物質所組成，DNA這名詞我們並不陌生，想對它有更多了解嗎？想知道它對生物有多重要嗎?那就來參加第十屆生化營吧！課程三：化妝品 DIY，其實生活中的化妝品，也可以親手製作，透過不同化學原料組成，在經過不同的化學反應便可得讓你變漂亮的化妝品。課程四： 校外參訪。,2020/09/28-11/30,自然科學,自然科學領域
91,東海大學,2021東海工設營-HIDEsign ,東海大學,2021/1/23-1/27,15歲~18歲,https://www.facebook.com/2021.thuid/,https://scontent.ftpe8-3.fna.fbcdn.net/v/t1.0-9/s960x960/119734703_758480898328972_3563036071666036088_o.jpg?_nc_cat=107&_nc_sid=e3f864&_nc_ohc=XfgueKrtEqQAX9C16uv&_nc_oc=AQkIOmkaAn-qXXelDmIvRo4t-L2UAEufDhpbqLKL3rCHif6yc9wykE_X_ZtQcPfOOZQ&_nc_ht=scontent.ftpe8-3.fna&tp=7&oh=ad3e8d6dfcd2a018ad9841f3e3cfb94d&oe=5FA53522,將藉由設計課程、實作體驗、團體活動等方式帶領學員認識工業設計。,2020/09/18-12/13,藝術文化,藝術領域
111,國立臺灣大學,離岸風電科學營(彰化場) ,國立臺灣大學,"場次一：2020/10/17 - 10/18, 場次二：2020/10/24 - 10/25",15歲~18歲,https://reurl.cc/7oj34N,https://lh6.googleusercontent.com/fo7iMfgoAKjSMCiffw2qohGYrvXd9Wco82if0fFvKXhHupPfwVHoVYU_pmeKABRFi9HrKKd8jQC3m5fgDjQM3qisW4099fVnXjyErE_hUzFtqBqfxW7MFX9UCOB6=w740,風力發電是台灣重點發展項目科技，讓我們一起跟著臺灣大學的教授與資深科學講師們，一起來瞭解探究與動手學習吧！參與學員除了可以瞭解並動手學習最夯的能源科技外，還可與國立臺灣大學教授面對面交流，並前近實地參訪，以及動手組裝出風力發電機，全程參與並通過講師認證後，可獲國立臺灣大學單位學習證書，未來可憑此證書可享有優先參加進階主題科學營隊或活動的權利。,,自然科學,自然科學領域
121,大碩青年關懷基金會,生物醫學  電子工程實作營 ,大碩青年關懷基金會,2020/10/18 或 2020/11/01,15歲~18歲,https://reurl.cc/EzZm4a,https://lh6.googleusercontent.com/s0f2uS_f6GayVxCTzwzkM2dNlcWBH2TkZVZF5Fl2OOPiAFcaZWXrip1FYBsVuyRZ9bGePlC2_EO9A-r64l0IQIr5wrAe44l6fApJ7AvAndHiwzgGkJrLGt5wkd2d=w758,透過實作和史丹佛大學的創意思考課程模式，帶你了解電子工程與生物醫學結合的應用！除介紹人體姿勢與動作的生物力學，讓學員瞭解生物力學應用於醫學的廣泛面外，在醫學電子電路實作方面，將帶領學生實際動手完成助聽器作品，並認識醫療產品最基礎的構成。結合理論與實作，再搭配引進史丹大學的設計思考方法，讓學員腦力激盪將所吸收的醫學工程知識化為己用。,,醫藥衛生,自然科學領域
131,大碩青年關懷基金會,心理諮商探索營 ,大碩青年關懷基金會,2020/12/26,15歲~18歲,https://reurl.cc/EzZm4a,https://lh6.googleusercontent.com/s0f2uS_f6GayVxCTzwzkM2dNlcWBH2TkZVZF5Fl2OOPiAFcaZWXrip1FYBsVuyRZ9bGePlC2_EO9A-r64l0IQIr5wrAe44l6fApJ7AvAndHiwzgGkJrLGt5wkd2d=w758,營隊宗旨主要是讓同學了解心理學相關內容以及諮商探索的部分，藉由老師的引導讓同學對心理學有初步的概念及提早認識大學課程內容，讓同學藉由營隊了解此領域是否與自身的興趣相符也對科系更有概念，老師會帶領同學示範心理諮商相關過程，去體驗心理諮商師要怎麼去同理患者及解決患者的困擾，成為讓患者依賴傾訴的心理諮商師，透過一天的營隊課程中也能學到初步入門的諮商技巧，也能讓人際關係更進一步！,,醫藥衛生,自然科學領域
141,大碩青年關懷基金會,2020職場達人探索營 ,大碩青年關懷基金會,商管財經－2020/11/15;資訊工程－2020/11/22;法政學群－2020/12/13;醫藥衛生－2020/12/20,12歲~18歲,https://reurl.cc/EzZ6jg,https://lh6.googleusercontent.com/D29I4n8qxeuuMUeOlb8WcPh1dE1r7ZlsXfprGkoEoyWte_0VdBCSeCR82iq7cvnCxy6Q8aM4NlQUHDnUQ6sOki9bGpSP08cF5yqYPwakdeLS-w38XsaxIDk0ZG9C=w1520,根據調查顯示，每年認為選錯科系的大學生不勝枚舉，甚至影響學生之後在職場中的表現，而當中最大的原因即是大多的學生不了解自己的性向和選系關係程度，因此對於科系的認識及相關職業的認識就是一個很重要的議題。因此本活動希望藉由與「職場達人互動」協助學子規劃職涯方向。職場達探索營舉辦《醫藥衛生類》、《商管財經類》、《資訊與工程學群類》、《法政學群類》職場講座，邀請該領域經驗豐富的達人，分享職場秘辛甘苦談／此行所需的特質能力／目前產業狀況，並藉由實作課程帶領，讓你更進一步瞭解產業現況幫助你未來選填科系志願！,,商業管理,綜合活動領域
151,大碩青年關懷基金會,MOCC一日考照營 ,大碩青年關懷基金會,Word－2020/10/18 或 2021/03/14;Excel－2020/11/15 或 2021/05/23;PowerPoint－2020/12/20 或 2021/07/11,15歲~18歲,https://reurl.cc/gm0eAV,https://lh5.googleusercontent.com/S1_UHu5pBjl4qAcymdMAdwFcJmZAHki1a0wSZ0aqcotPk-KtfEqfJV_Xgcdg-uUBEQFYnvM9vEv07bVRGlhCBcPhqTy7w0hlxtZaApTdLWjV2-aTRRwcQc37oSg9=w1078,"Word-排版力, Excel-統整力, PowerPoint-設計力",,資訊科技,科技領域
161,大碩青年關懷基金會,智慧護理全攻略研習營 ,大碩青年關懷基金會,2020/12/12,15歲~18歲,https://reurl.cc/Z7rVDW,https://lh4.googleusercontent.com/XtB0Bn0Z03z7BiEBf9ExPonxR3zrSWzn_nc2Gs8-0xjJ9R3uCGx7bYCemxRJR7QphkHCDQut2X-4VZIdUJxU2Muymv-UzgFAJrqYeDWCzos_yCgg2D4L27Stp-_X=w1252,醫療智慧化照顧是現代也是未來的趨勢，為解決許多照護問題開發出具有創新、科技的智慧照護產品。本營隊結合亞洲大學護理學院護理學系，經由豐富的活動安排與設計，使同學身臨其境，在學習的情境中實踐、體驗與反思，並對於護理學系之專業領域有初步的認識。本次活動除了科系簡介之外，另安排實作課程，包含手術實境秀、孕婦及老人體驗、小兒急救照護處理，更有全台唯一之產婦模擬人Victoria高階設備讓同學體驗生產全記錄。期許同學參與本次一日體驗營後，能夠從中對於智慧照護與護理從業人員有更深一層的了解，並從中培養同學團隊合作、批判思考及解決問題的能力。,,醫藥衛生,自然科學領域
112,2020 夏令營和營隊資訊,《 咕嘰・古蹟：2020全國古蹟日 》文資小旅行,文化部文化資產局、臺南市政府文化局、臺南市文化資產管理處,2020-09-19(六) 10:00 ~ 2020-10-28(三) 18:00 (詳細場次和時間請參考下列),不限,https://bit.ly/3m8v7c2,https://ntdcamp.com/wp-content/uploads/2020/06/118212967_1674592699370068_7632596567920614441_o-1-600x338.jpg,《 咕嘰・古蹟：2020全國古蹟日 》文資小旅行票種一：優游大圳邀請熟知嘉南大圳的專家學者、在地文史導覽者及水利專家，帶領民眾壯遊大圳，並從嘉南大圳建造技術、歷史蹤跡、周邊生態以及大圳所觸發的人、事、物出發，延伸至周邊的農業代表城鎮，挖掘農民生活的日常以及當中所累積的文資，再現大圳的風貌與人文風情。出發日：9/20(日)、10/3(六)、10/4(日)、10/17(六)、10/18(日)，共5場次導覽方式：乘車+步行——————————————————票種二：學習之道（暗光鳥限定版）以臺南市府城歷史街區重要古街道為主要路線，延伸至路線上或週邊的文化資產或再利用場館，並特別規劃暗光鳥行程，讓民眾體驗文化資產的夜間風景。出發日：10/2(五)、10/9(五)、10/16(五)，共3場次導覽方式：步行——————————————————票種三：藝農農藝與珊瑚潭藝農聚落合作，帶領民眾認識生動有趣的農夫生活以及認識「嘉南大圳」對於生活的深刻影響，走讀聚落並體驗農業生態之美。出發日：9/27(日)、10/4(日)、10/24(六)，共3場次導覽方式：乘車+步行——————————————————9/11(五)17:30起開放登記報名【出發日】9/20(日)、9/27(日)、10/2(五)、10/3(六)、10/4(日)，共6場次9/19(六)12:00起開放登記報名【出發日】10/9(五)、10/16(五)、10/17(六)、10/18(日)、10/24(六)，共5場次,10/4前場次9/11(五)17:30起開放登記報名、10/4之後場次9/19(六)12:00起開放登記報名,社會人文,社會領域
211,2020 夏令營和營隊資訊,《開箱bar!》台灣繪本沙龍系列活動－李瑾倫寶寶繪本創作分享會,高雄市立圖書館,10月10日（六）14:00-16:00（15:30 Q&A＋瑾倫簽繪時間，現場可購書!）,親子讀者、喜歡聽創作故事的人,https://bit.ly/3n9z7JI,https://ntdcamp.com/wp-content/uploads/2020/06/118212967_1674592699370068_7632596567920614441_o-1-600x338.jpg,《開箱bar!》台灣繪本沙龍系列活動－李瑾倫寶寶繪本創作分享會回想起高市圖107年《透過繪本 我們這樣和世界對話》三天六場精彩的繪本沙龍，還意猶未盡嗎？前年，我們通過繪本專家的雙眼觀察台灣繪本產業的成長趨勢、跟著繪本專家的腳步踏上跨國繪本的外譯之路，認識繪本出版端、版權代理在業界扮演的關鍵角色，將台灣原創繪本推向國際！ 今年，我們在思考如何走入國際舞台、將原創繪本外譯出版的同時，也在思考要如何成為自己的國際舞台－出版更多優質的台灣繪本，讓台灣的孩子可以從小就讀著屬於台灣在地的繪本故事、擁有這些故事陪伴他們成長。在109年9月15日～110年1月17日期間，國際繪本中心以《開箱bar!》台灣繪本沙龍為主題，用一種嶄新的開箱方式，打開繪本新視野，把聚焦台灣繪本產業的奇思妙想通通裝進箱子裡，除了開箱大家引頸期盼的2日4場台灣繪本沙龍的壓箱寶，還有與繪本沙龍配搭的4個主題特展、7場系列活動（繪本作家工作坊、講座、說故事等活動）的驚喜彩蛋，號召喜歡繪本的大人小孩一起來開箱！ 高市圖持續關注台灣繪本產業的經營、將創作資源留在本土生根，也聽見來自各地繪本同好的熱情回饋，我們將每雙年打造一次重量級「繪本沙龍」，期盼集結繪本創作者、繪本研究者、繪本出版端、繪本推廣者、繪本同好等各相關領域的聽眾共襄盛舉，共同支持台灣原創繪本！今年12月5日、12月6日邀您回歸台灣繪本的內需市場，和職人們一起觀察繪本產業在地發展的需求與突破、探見破繭新生的創作視野！「台灣繪本產業還需要注入什麼能量？帶來什麼樣的文化認同與傳承？」「如何厚植原創繪本的國際競爭力與價值，躍升為國際典範？」透過《開箱bar!》台灣繪本沙龍，讓我們一起回望、聆聽與思考，不如現在就來開箱bar！開箱bar! 發現屬於「親子」的繪本驚喜!台灣繪本作家- 鄭潔文 要來高市總圖說故事、玩手作喲!潔文將帶來自己創作的《是誰在洞裡啊？》和《是誰躲在草叢裡？》兩本繪本故事，透過美麗的繪本圖像和親子們一起發現大自然裡好玩的、奇妙的動物們。除了期待聽到作者朗讀自己創作的繪本，親子手作也以這兩本繪本的設計概念一起做「是誰藏在 x x x 裡？」的大張卡片，讓孩子和家長一起設計線索和答案，最後也會邀請孩子和大家分享自己的作品、讓大家猜猜看藏在卡片裡的動物是誰。國際繪本中心邀請親子一起在繪本作家的故事裡想像、體驗手作的樂趣，現在就來開箱bar! ,9/30（三）14:00開始報名、額滿為止,藝術文化,藝術領域
311,2020 夏令營和營隊資訊,「『菇』木逢春~朵朵開」 採菇體驗 + 懶人盆栽,林務局花蓮林區管理處,共兩梯次 – 10月9日(週五)及10月10日(週六) 9:00-13:00,適合3歲以上孩童、親子及一般民眾一同參與，高中生以下學員必需有家長陪同,https://bit.ly/2Fp4RcS,https://ntdcamp.com/wp-content/uploads/2020/06/118212967_1674592699370068_7632596567920614441_o-1-600x338.jpg,「『菇』木逢春~朵朵開」 採菇體驗 + 懶人盆栽秒殺活動又來了！！！南華林業園區林下經濟產物-段木香菇將朵朵以最新鮮的狀態呈現在眼前，透過視覺、聽覺、觸覺、味覺一連串的體驗，一年中只有這一次的雙十連假時機，是限定季節產物喔，敬請把握！手刀報名！便利的生活，讓人們的三餐除了有更多的選擇外，卻對自己所吃下肚的食物來源毫無了解，本次活動將帶領民眾接觸食物的源頭，並重新認識食物存在的價值，藉由南華工作站規劃與說明林下經濟段木香菇與大自然的緊密關係，透過採菇體驗、手做料理以及楓香苗木手作保特瓶自動澆水盆栽，再由親子一起動手煮菇菇湯，從餐桌到土地這一系列友善環境的永續過程。同時也結合里山倡議的理念，向民眾傳達人與自然環境的和諧共生，以永續利用的方式來善待土地與環境資源，瞭解土地不僅可以生產糧食，同時也保留生物多樣性，並促進自然資源的永續利用。活動流程：『菇』木逢春~朵朵開親子探索系列活動之二活動日期/時間109.10.09（週五）〜10.10(週六)    9:00〜13:00所需時間4小時適用對象三歲以上孩童、親子及一般民眾活動內容及簡介(雨天備案同)活動流程時間單 元地 點內 容10月9日(上午)10月10日(上午)8:30-9:00報到南華工作站報到、活動說明9:00-10:00採菇趣南華工作站林下經濟段木香菇解說+採菇體驗10:00-10:20車程自行開車至池南國家森林遊樂區10:20-10:30集合池南國家森林遊樂區(收費站)依各人身份購買門票入園10:30-11:00菇菇湯料理自然教室平台帶領學員洗菇、切洗菜入鍋煮菇菇湯11:00-12:00手作懶人盆栽自然教室平台以寶特瓶製作自動補水教學手作盆栽12:00-13:00大自然饗宴自然教室平台享用菇菇湯加油飯糰12:00自由活動自然教室平台請民眾填寫問卷。備註1.  課程將依當日天氣狀況調整部分內容與時間。2.  活動當天免費出借學員里山動物野餐墊於園區使用，學員可於服務台登記借用野餐墊至當日下午4：30，可自備下午茶餐點，給自己安排一個快樂的下午茶野餐Party吧！ ,9/15上午八點準時開放網路報名,自然科學,自然科學領域
54,2020 夏令營和營隊資訊,「勤務狗狗×水保探秘巴士」一日親子營隊,國立自然科學博物館,10/24(六),親子及一般大眾，孩童限制 6 歲以上(2014.10.1(含)以前)，6~15歲學童須由家長陪同參加,https://bit.ly/2GNG0Qr,https://ntdcamp.com/wp-content/uploads/2020/06/118212967_1674592699370068_7632596567920614441_o-1-600x338.jpg,「勤務狗狗×水保探秘巴士」一日親子營隊國立自然科學博物館 921 地震教育園區素以推廣防災教育為己任。因應近年來氣候變遷導致天災頻傳，追本溯源都是過度開發引起的大自然反撲。人與大自然和諧共處的適度開發以及水土保持觀念成了這幾年受矚目的議題。為推廣學童及家長對於土地愛護的認知及水土保持相關知識的傳遞，「勤務狗狗×水保探秘巴士」一日親子營隊，帶領家長跟孩子走進水土保持教室，發現水土保持設施存在的功能及重要性，參與防災後再了解救災環節，讓參與家庭心中播下疼惜土地的心念種子，愛惜土地始能減少災害。活動流程時間活動地點說明8:40報到科博館博館路廣場集合出發9:00準時發車科博館博館路廣場9:00~10:00車程往海關緝毒犬培訓中心10:00~11:30緝毒幼幼狗探秘海關緝毒犬培訓中心訪客走過緝毒犬幼幼居住的舒適犬舍，一隻隻萌系大頭狗會熱情地站起身、探出頭爭著要跟客人認識一下！全臺只有個位數的專業緝毒犬訓練師將帶領大家探索神秘的緝毒犬~11:30~12:30車程往彰化花壇灣雅水土保持戶外教室12:30~13:30用餐灣雅水土保持戶外教室13:30~14:00與自然和諧共處~水土保持戶外教室探秘灣雅水土保持戶外教室一起探索默默存在山坡地，發揮水土保持功效的設施，認識無所不在的水保小法寶。13:30~14:00水土保持尋寶遊戲灣雅水土保持戶外教室解說後贈獎遊戲登場等你探秘，吃飽起來散個步，很剛好~14:10~15:40搜救犬探秘~土石流災難現場灣雅水土保持戶外教室水保工程的出現，是預作防護也是災後修復，由消防署特搜隊出動搜救犬及領犬員來到現場帶領大家先認識近年重大土石流災害，並演示災難現場搜救作業執行，期待大眾更體認防災重要！16:00回程往科博館解散17:00回到科博館後科博館博館路廣場解散科博館周邊美食等大家自行探秘~ ,10/12截止報名，依報名先後順序錄取,社會人文,社會領域
69,2020 夏令營和營隊資訊,「復刻老時光-文化館舍卡麥拉」復古攝影棚快閃活動,臺中市政府文化局,宮原武熊宅邸 10/17(六) 9:30-12:00、臺中市眷村文物館 10/17(六)14:00-16:00、臺中刑務所演武場 10/18(日)9:30-12:00,不限,https://bit.ly/33mIjmk,https://ntdcamp.com/wp-content/uploads/2020/06/118212967_1674592699370068_7632596567920614441_o-1-600x338.jpg,「復刻老時光-文化館舍卡麥拉」復古攝影棚快閃活動「復刻老時光-文化館舍卡麥拉」活動開跑啦！來挑選屬於你的復古look吧！西裝、蕾絲裙和小洋傘，這是宮原武熊宅邸的西式浪漫！小碎花洋裝與軍服，秀出眷村文物館臺式復古小清新踩著木屐、身著浴衣，緩緩走入刑務所演武場的往日光景,10/3(六)中午12:00開放報名、第二梯次開放報名時間 10/15(四) 18:00,自我成長,綜合活動領域
78,2020 夏令營和營隊資訊,「相遇西拉雅」教育推廣活動,臺南左鎮化石園區,10月24日(六) 白河區六重溪部落踏查、10月25日(日) 東山區吉貝耍部落踏查,全國有興趣的民眾、親子共同參與,10月24日(六) –  https://bit.ly/33yD42I、10月25日(日) –  https://bit.ly/3nkrj88,https://ntdcamp.com/wp-content/uploads/2020/06/118212967_1674592699370068_7632596567920614441_o-1-600x338.jpg,「相遇西拉雅」教育推廣活動西拉雅族擁有豐富的歷史文獻，傳承著南島語族特有的祭祀信仰，為推廣族群人文教育，讓社會大眾認識這個過去長期被忽視的族群文化，進而更加理解臺灣族群的多元性，設計輕鬆的學習方式，以在地西拉雅族結合部落人文探索方式活動的進行，讓內容多元化且輕鬆有趣，達到推廣在地平埔族群教育，增進親子互動關係與寓教於樂的功能。活動內容：(1)走訪部落踏查、人文生態探索   (2) 美食風味餐、文化體驗DI課程一覽表：活動名稱時間內容集合報到08：40-09：00園區門口集合報到Dadala(歡迎)09：00-10：00部落相遇文化體驗DIY10：00-12：001.六重溪-部落花環頭飾DIY體驗2.吉貝耍-苧麻捻繩串珠DIY體驗3.岡林-雪花糬/草仔粿製作用餐12：00-13：00部落風味餐走訪部落踏查人文生態探索13：00-16：001.白河區六重溪部落踏查2.東山區吉貝耍部落踏查3.左鎮區岡林部落踏查填寫學習單16：00-16：30填寫學習單和問卷回饋/打卡上傳活動照片賦歸16：30~活動結束10月24日(六) 白河區六重溪部落踏查10月25日(日) 東山區吉貝耍部落踏查11月28日(六) 白河區六重溪部落踏查11月22日(日) 東山區吉貝耍部落踏查12月06日(日) 左鎮區岡林部落踏查  ,10月17日或額滿為止,社會人文,社會領域
810,2020 夏令營和營隊資訊,「青春就要醬 We are young」─ 青少年劇場表演藝術人才培育實作坊,國立彰化生活美學館, 9/19、9/20、10/17、10/18、10/24、10/31、11/7、11/14,12-18歲，對劇場表演藝術有興趣之國、高中在校學生(含國小六年級學生),https://bit.ly/3mhjDTx,https://ntdcamp.com/wp-content/uploads/2020/06/118212967_1674592699370068_7632596567920614441_o-1-600x338.jpg,「青春就要醬 We are young」─ 青少年劇場表演藝術人才培育實作坊由專業劇場講師及團隊帶領，結合劇場實務、戲劇欣賞、劇場空間參訪及劇場演出，歡迎有志於學習、體驗表演藝術的青少年報名參加！為推動多元藝術發展面向，培訓青少年劇場藝術表演人才，本活動結合專業團隊師資，由劇場基礎知識入門，以觀察模仿、多元思考等創意課程帶領方式，帶領學員具認識劇場、學習表演藝術相關素養，並培養團隊合作之精神，發掘具有表演藝術才華之青少年，為中部地區表演藝術人才深耕灑種。活動內容：包含理論與實務課程、表演欣賞與解析、劇場空間參訪共計60小時培訓課程，並辦理2場成果演出課程內容：名稱時間課程內容講師地點劇場探索9/19 (六)0900-1700學習認識劇場觀演形式、舞台方位、舞台空間構成及劇場各部門工作陳昶旭國立彰化生活美學館-第一研習教室劇場技術9/20 (日)0900-1700通過劇團行政、燈光、音響、舞台場景設計概念等實務了解劇場表演製作流程謝益昌劇場藝術110/17(六)0900-1600編劇實務，學習將生活經驗轉化為戲劇創作元素楊杏枝劇場藝術210/18(日)0900-1700學習即興劇創意與臨場反應並運用於舞台表演技巧劉佳怡劇場應用10/24(六)0900-1700導演實務、小組呈現暨演員徵選陳昶旭表演欣賞及解析10/25(日)1200-17001.欣賞楊景翔劇團《單身租隊友》劇場演出及大師導聆2.11：30於中山堂集合講師及助教群台中市中山堂劇場空間參訪11/1(日)0700-18001.劇場及藝文空間參訪交流2.7：30彰化車站集合出發講師及助教群駁二藝術特區高雄衛武營國家藝術文化中心成果排演10/31、11/7、11/140900-1500演出排演陳昶旭國立彰化生活美學館-實驗劇場成果演出11/21、11/221430-1600全體學員共同演出講師及助教群國立彰化生活美學館實驗劇場(11/21)臺中市港區藝術中心(11/22)授課講師陳昶旭國立台北藝術大學劇場藝術研究所碩士謝益昌國立台灣藝術大學戲劇系、專業舞台設計楊杏枝國立台北藝術大學劇場藝術系碩士；新生劇坊、春美歌劇團編導、專業編劇郭月媚國立台北藝術大學戲劇系劇場藝術系碩士、萍蓬草兒童劇團團長劉佳怡國立台北藝術大學戲劇系導演組、萍蓬草兒童劇團團長駐團導演 ,,藝術文化,藝術領域
92,2020 夏令營和營隊資訊,「領略臺灣珍稀，聲音之美生物特展」活動和創作坊,台北市立動物園,《美妙的鳥歌聲》10月17日 (六) 09：30-11：00（第一場次）、 11：00-12：30 （第二場次） ; 《動物製皂機》10月17日 (六) 13：30-15：00,幼兒園大班至國小四年級，國小低年級建議家長陪同。(家長在場陪同，無須報名),"
《美妙的鳥歌聲》第一場次 https://bit.ly/3jO00AT
《美妙的鳥歌聲》第二場次 https://bit.ly/3lx200G
《動物製皂機》https://bit.ly/2SHz49W
;《美妙的鳥歌聲》第一場次 https://bit.ly/3jO00AT;《美妙的鳥歌聲》第二場次 https://bit.ly/3lx200G;《動物製皂機》https://bit.ly/2SHz49W",https://ntdcamp.com/wp-content/uploads/2020/06/118212967_1674592699370068_7632596567920614441_o-1-600x338.jpg,領略臺灣珍稀，聲音之美生物特展」活動和創作坊《動物藝起狂響趣》講師：仁愛國小 賴昭宇老師助教：仁愛國小 邱詩雯老師、仁愛國小 謝詩琳老師西元3905年所有的動物們都居住在動物烏托邦裡，用著各自的語言彼此交談著，嘰嘰喳喳嘰嘰喳喳說個不停……實際體驗鳥笛、木蛙、椰殼等擬聲樂器並發揮想像力利用不同的材質模擬動物的聲音，並以即興與對話完成聲音劇場，演出動物狂響曲。「啾啾~呱呱~噠噠噠!」大家一起歌唱真有趣!《可愛動物拼布教學》「聲音之美動物特展」自109年8月1日至109年12月20日在臺北市立動物園教育中心展出。本特展具教8種臺灣特有生物，以聲音之美為主題，研發動物聲音原理的體驗活動，融合音樂之美，以符應12年國教跨領域統整理念，結合科學教育與藝術教育，建置互動體驗的豐富特展。凡參加可愛動物拼布教學工作坊的民眾就可免費獲得可愛拼布動物作品乙個  ,10月10日(六)12:00至 10月16日(五)11:59止,自然科學,自然科學領域
101,2020 夏令營和營隊資訊,【2020桃仔園青少年劇場計劃 】走入劇場系列-戲劇評論工作坊,桃園市政府文化局、桃園市政府藝文設施管理中心,8月至9月辦理（培訓課程時間為：8/22、9/20兩天10:00-12:00）,學齡為高一至大四之青少年（可全時段參與、學籍或戶籍於桃園本地者優先）,https://bit.ly/2PiZNb6,https://ntdcamp.com/wp-content/uploads/2020/08/104889624_155625599406211_4231512766485154353_o-600x222.jpg,【2020桃仔園青少年劇場計劃 】走入劇場系列-戲劇評論工作坊桃園市政府藝文設施管理中心與漂鳥演劇社合作，辦理『桃仔園青少年劇場計畫』，期以落實藝術教育扎根及培養青少年藝文人口。在『桃仔園青少年劇場計畫』年度計畫之中，推動鼓勵青少年走入劇場的「戲劇評論工作坊」，讓無論是單純喜歡「觀戲」的青少年朋友，在專業引導下得以開發更多看戲觀點與能力；或是針對已在「劇場」領域有所接觸的年輕朋友，得以藉由本次工作坊，增加表演、劇場技術課程之外的專業能力與涵養。此次工作坊特別邀請戲劇評論與文學家謝鴻文老師，以學習觀戲的「技巧」，帶領學員學習如何有次序、有層次地梳理想法，希冀藉由本次活動，促進青少年朋友的藝文體驗啟蒙，同時也在正規教育外建立更完整的劇場培訓系統。本工作坊內容總共2堂課、計4小時，課程規劃理論與實務演練並進，將由劇評專家謝鴻文老師授課，帶領學員認識戲劇評論之方法。課程之外，學員需從指定節目中自行選擇表演欣賞，並參與演後交流活動；其後運用所學之劇評方法，完成戲劇評論，形式不限。（本活動將提供學員每人1張三折學生藝文體驗券。）最後，將選出數件出色作品公開發表！公開發表包括：刊登於桃園相關藝文雜誌，及發表於表演藝術評論臺、桃園展演中心及漂鳥演劇社等網路平臺。,08.08或 額滿為止,藝術文化,藝術領域
113,2020 夏令營和營隊資訊,【2020桃園眷村文化節】魅力金三角x異域美食尋味之旅,桃園市文化局,【第一梯次】10/17（六）13:30-20:30 、【第二梯次】10/18（日）13:30-20:30, 不限,https://bit.ly/3iYqFdS,https://ntdcamp.com/wp-content/uploads/2020/08/104889624_155625599406211_4231512766485154353_o-600x222.jpg,【2020桃園眷村文化節】魅力金三角x異域美食尋味之旅中壢是桃園眷村分布密度最高的區域，主要居住在忠貞新村的村內居民大多是來自俗稱金三角的雲南、滇緬與泰國邊境等地，這也讓「忠貞」比起其他眷村更多了些異域文化，亦使得忠貞新村的飲食文化呈現多元風貌。透過本次 2020桃園眷村文化節 結合忠貞地區泰緬孤軍及雲泰文化，推廣在地，推出 魅力金三角 x 異域美食尋味之旅。  ,109.09.16(三)至109.10.07(三)，額滿提早結束,藝術文化,藝術領域
122,2020 夏令營和營隊資訊,【喫文化】– 喫的在地分享與體驗,高雄市立歷史博物館,9/12(六) 與大地和諧共處的檨仔腳（麵包試吃）、9/19(六) 季節果醬製作體驗、9/27(日) Bonnie Sugar水果派裝飾甜點教室,不限,"
9/12(六) https://bit.ly/3ihOEV1
9/19(六) https://bit.ly/35j3ren
9/27(日) https://bit.ly/2F3VDTl
;9/12(六) https://bit.ly/3ihOEV1;9/19(六) https://bit.ly/35j3ren;9/27(日) https://bit.ly/2F3VDTl",https://ntdcamp.com/wp-content/uploads/2020/08/104889624_155625599406211_4231512766485154353_o-600x222.jpg,【喫文化】– 喫的在地分享與體驗高史博一樓東側的輕食商店「打狗喫」，店名源自高雄舊地名「TAKAO」，以山、海、河等地景特色為設計概念。打造休憩的閱讀空間及在地特色選食，亦不定期結合選食主題，辦理「喫文化」課程，期待您入內坐坐，享受寧靜的河畔時光。9/12【喫文化】與大地和諧共處的檨仔腳檨仔腳文化共享空間，秉持「與大地和諧共處」的理念，以「生活」、「生態」、「生產」，讓民眾來認識六龜之美。9/19【喫文化】季節果醬製作體驗邀請「松鼠與魚自然甜點」劉上銘先生，以當季水果為素材，讓學員體驗及學習果醬製作過程。9/27【喫文化】Bonnie Sugar水果派裝飾甜點教室派皮實作與裝飾技巧教學。以四寸香醇滑順的卡仕達水果派，搭配各式當季新鮮水果，妝點出專屬你的水果派。,額滿為止,藝術文化,藝術領域
132,2020 夏令營和營隊資訊,【夜遊劇場】探索臺灣豫劇團豫莎劇《天問》後台風景,衛武營國家藝術文化中心, 2020/10/09 (五) 20:00,不限年齡，不限對象，歡迎一起夜遊劇場,https://bit.ly/33IOwYL,https://ntdcamp.com/wp-content/uploads/2020/08/104889624_155625599406211_4231512766485154353_o-600x222.jpg,【夜遊劇場】探索臺灣豫劇團豫莎劇《天問》後台風景好奇一部精采節目的製作過程嗎?好奇演出結束後的劇場舞台在做什麼嗎? 現今世界最大單一屋頂劇院—衛武營，不只舞台上的演出精彩，隱身背後的後台工作空間及製作過程一樣精采可期，由場館資深工作人員從製作為您解說這之中精準的設計執行與工作甘苦談，並率領觀眾走上衛武營戲劇院舞台，掀開劇場的神秘面紗！ 歡迎對劇場有無限好奇、夜貓子一族的您，這一晚，邀您一起夜遊劇場！限量席次，獨家體驗！西側營運辦公室入口集合 → 衛武營大道 → 大排練室 → 樂團排練室 → 洗衣房 → 服裝間 → 歌劇院舞台 → 戲劇院舞台 → 西側營運辦公室入口解散衛武營國家藝術文化中心 技術部舞監組｜程楚心現任衛武營國家藝術文化中心技術部舞台監督。技術部的動感甜心，與印象中陽剛氣很重的技術部有著小小反差。動如脫兔的她，聽到音樂、甚至沒有音樂，都可以隨時舞上一曲，一旦帶上工作對講機，變身黑衣人(工作服多為黑色)，立刻展現專業的劇場人風範。,,藝術文化,藝術領域
142,2020 夏令營和營隊資訊,【滲透次元壁】「Hakuna-Matata 配音很~有意思」聲優工作坊,國立台灣美術館,11/07(六) 14:30-16:00,不限,https://bit.ly/3l90NfV,https://ntdcamp.com/wp-content/uploads/2020/08/104889624_155625599406211_4231512766485154353_o-600x222.jpg,【滲透次元壁】「Hakuna-Matata 配音很~有意思」聲優工作坊活動流程：14:30~14:40 開場講師自我介紹+ 暖場破冰遊戲　◎咬字訓練、簡單口語破冰遊戲14:40~14:50 分組，說明工作坊進行方式　　 　◎影片或廣播劇，觀眾擇一參加（四~五人一組）14:50~15:00 聲音表演的絕竅　 ◎聲音表演時，情緒的掌控與拿捏15:00~15:20 情緒的渲染力　 ◎廣播劇演出(劇目待確定)15:20~15:40 對嘴的技巧　 ◎動畫影片(影片待確定)15:40~15:50 台灣配音環境現況與發展介紹15:50~16:00 開放現場觀眾Q＆A+ 宣傳 　◎動漫我要聽節目介紹（介紹當晚播出內容） ,,藝術文化,藝術領域
152,2020 夏令營和營隊資訊,【生態尋奇岩究所】-新生報到！,奇岩社區發展協會,2020 9/19 – 6/12 每月週六上課兩次，詳細時間請參閱照片,凡對在地自然生態、人文地景或對社(街)區公共議題、社會創新具有高度熱忱，且具備行動力之個人，年齡(非學歷)須符合高中/職生(含在學生)以上，均可報名參加,https://bit.ly/35fE9xI,https://ntdcamp.com/wp-content/uploads/2020/08/104889624_155625599406211_4231512766485154353_o-600x222.jpg,【生態尋奇岩究所】-新生報到！ ,2020年9月13日24:00截止,自然科學,自然科學領域
162,2020 夏令營和營隊資訊,【葉石濤文學地景踏查│夜間版】路線二：西區及北區,葉石濤文學紀念館,10/17（六）下午05：00 – 08：00（04：50報到）,一般民眾，12歲（含）以下者請家長一同報名參加,https://bit.ly/3kbncsF,https://ntdcamp.com/wp-content/uploads/2020/08/104889624_155625599406211_4231512766485154353_o-600x222.jpg,【葉石濤文學地景踏查│夜間版】路線二：西區及北區「沒有土地，哪有文學」是葉石濤先生文學創作之核心，描繪其故事裡人、事、物中與地景密不可分的關係。透過閱讀小說更能一窺早期府城的舊地名，藉由穿街走巷的踏查活動方式，帶領民眾前往文學地景現場，領略作家的生活世界與文學中的場景，並藉此了解葉老的寫作真諦踏查路線： 葉石濤文學紀念館→芒果林→天理教會 →下大道良皇宮→小西門→西門町→宮古座→蝴蝶巷→寶美樓→米街→施進士第→五金行→冥紙店→大銃街→豆油間→寶公學校→大舞台→興南客運總站→普濟殿→佛頭港街→水仙宮→看西街教堂→牛磨後→淺草鬧市→蕃薯港→黑橋牌肉鬆店→盛場→黑橋→運河→新町→南廠→西門教堂→葉石濤文學紀念館,,藝術文化,藝術領域
171,2020 夏令營和營隊資訊,【青春期 / 我世代・我的時代】創造屬於你的時尚風格,屏東縣政府,11/08（日）13:00-17:00,13至25歲民眾優先報名,https://bit.ly/30wnvqu,https://ntdcamp.com/wp-content/uploads/2020/08/104889624_155625599406211_4231512766485154353_o-600x222.jpg,【青春期 / 我世代・我的時代】創造屬於你的時尚風格【青春期 / 我世代・我的時代】青春首部曲系列講座－對自己的感受誠實，我決定我是誰，邀請到黃稚揚／MR.CUTTING服裝設計師、Lisa／造型師為我們分享在時尚穿搭與造型美妝上的經驗，同時將讓大家在現場觀看一場真實的改造實境秀，過程當中兩位講師會講述小技巧，歡迎有興趣的你不只不能錯過，當天還要記得攜帶筆記本，讓你帶著滿滿的收穫回家去～｜講者介紹｜黃稚揚 / 服裝設計師畢業於樹德科技大學表演藝術系，現任MR. CUTTING 服裝工作室創意總監，擅長劇場及演出整體造型服裝設計，作品風格以時裝概念結合舞台演出服裝造型，讓劇場服裝增添時尚感與趣味性。參與多部舞台劇及舞蹈作品擔任服裝設計，也經常受邀擔任業界分享講師，為高雄新銳的劇場服裝設計師。 Lisa / 造型師專長於劇場造型、婚禮造型、廣告、雜誌、品牌大秀、個人家教、企業授課等等，曾多次與名人、藝人、電視主播合作，也多次參與劇場造型，近年重要作品有：兩廳院藝術出走《十二碗菜歌》、統一肉燥麵、俄羅斯芭蕾舞團•波修瓦《spartacus斯巴達克斯》。 ｜活動內容｜【創造屬於你的時尚風格】將分為3個階段，循序漸進帶你踏入時尚的世界裡。第一階段：時尚帶著走首先，將由MR. CUTTING服裝設計總監與Lisa造型師聯手，透過大量實際案例與經驗的分享，同時解析塑形過程中的技巧，讓大家先有造型、風格的基本認識與觀念，讓你我在腦海中都有一條自我的風格程式碼。第二階段：素人改造實境SHOW本階段將徵求兩位一男一女模特兒（採事前報名，詳細規則請參閱下方說明），並於現場進行實境改造，從簡單的搭配開始，讓你我都可以透過改造過程學習到塑型的實際應用。第三階段：QA Time活動的最後，講師將開放現場QA，讓每個人都可以提出自己心中的疑惑，讓講師現場幫你解決！推薦給喜歡時尚造型的你～小建議：活動前可以先列好自己心中的疑問，當前兩階段有解惑即可劃掉，剩下的可於QA現場互動時提出唷！,10/5中午12:00開始報名「素人改造實境SHOW」時的模特兒徵選將於10/25截止,藝術文化,藝術領域
181,2020 夏令營和營隊資訊,【鯨驗值－鯨骨解密特展活動】刮開鯨骨的秘密：標本製作體驗課程,國立臺灣博物館,10/24 14:00 ~  15:30,國小4年級以上之國小、國中、高中學生（國中以下建議家長陪同）,https://bit.ly/36eMQZY,https://ntdcamp.com/wp-content/uploads/2020/08/104889624_155625599406211_4231512766485154353_o-600x222.jpg,"【鯨驗值－鯨骨解密特展活動】刮開鯨骨的秘密：標本製作體驗課程臺灣得天獨厚的海洋環境，使得全世界三分之一的鯨豚物種都會到此活動。配合「鯨驗值－鯨骨解密特展」，結合博物館標本製作、典藏專業，本活動將帶領小朋友「刮開鯨骨的秘密」，從動手製作標本的過程中，一起認識鯨豚。標本，就是將死亡後的動物遺體經過處理，長期保存其皮毛、骨骼或器官，作為收藏、展示或研究等用途。生活於海中的鯨豚，其死亡後的大體通常有些腐敗，較不適合保存完整的肌肉與表皮，因此多以製作成鯨豚骨骼標本來保存。骨骼標本的製作時間會因鯨豚個體大小而有所差異，快則半年，慢則1~2年才能製作完成，但不論是哪種體型，所有製作骨骼標本的流程都可區分成5個階段，依序為：解剖採樣、骨肉分離、骨骼脫脂、骨骼漂白與標本組裝等。本次鯨骨標本製作親子體驗活動將讓學童實際操作骨骼脫脂的去除骨蠟工作，去骨蠟可加快鯨骨脫脂的速度，並降低標本發霉的機會。此外在體驗過程中，也將帶領學童認識鯨豚骨骼結構，尋找骨骼上方是否有隱藏的秘密，透過體驗課程認識在海中生活的鯨豚。活動流程：14:00~15:00(標本製作體驗),15:00~15:30(鯨骨解密展場導覽)活動時間活動項目講師備註13:50-14:00報到、集合、實驗衣發放鯨豚協會教育志工集合點：本館1樓大廳14:00-14:10移動至標本實驗室、課前說明與標本製作講師介紹鯨豚協會教育志工發放手套、安全刮刀14:10-14:30標本製作流程簡介、鯨豚骨骼型態介紹與骨骼除蠟示範鯨豚協會標本組志工發放操作骨骼標本14:30-14:50標本除蠟體驗鯨豚協會標本組志工 14:50-15:00除蠟體驗結束、實驗室清潔鯨豚協會標本組志工歸還操作標本、手套、安全刮刀15:00-15:30展場鯨骨秘密導覽鯨豚協會教育志工 15:30~活動結束 歸還實驗衣",10 / 8 凌晨0:00 開始報名,自然科學,自然科學領域
201,2020 夏令營和營隊資訊,2020 TWBAA 『「女子女子」來打球 ! 』,社團法人台灣女子棒球運動推廣協會,9/27(日) – 台北、11/14(六) – 高雄、11/28(六) – 桃園、12/26(六) – 台東,4~9年級中小學＂女性＂學生(3年級若滿8歲也可以報名)、或是9年級以上零基礎女性喜愛棒球運動，對棒球運動有興趣者,https://bit.ly/3cgQV0B,https://ntdcamp.com/wp-content/uploads/2020/06/drz-__-N_INAlQoO6Y-unsplash-600x900.jpg,2020 TWBAA 『「女子女子」來打球 ! 』2020 「女子女子」來打球!棒球體驗營，我們又來囉!!希望這一次的棒球體驗讓更多女孩和我們一起『「女子女子」來打球 ! 』,,健康體育,健康體育領域
212,2020 夏令營和營隊資訊,2020 中國醫藥大學高中中醫營-秋季班,,10/09 09:00 ~ 10/11 17:00（三天不過夜）,全國高中生,https://bit.ly/3bEe8cI,https://ntdcamp.com/wp-content/uploads/2020/06/drz-__-N_INAlQoO6Y-unsplash-600x900.jpg,2020 中國醫藥大學高中中醫營-秋季班醫學領域博大精深，進入大學後各醫學相關科系在學些什麼?! 趁早奠定您日後選系的志向!! 推廣中心舉辦各式醫學相關營隊，課程內容包羅萬象， 我們有專業的師資群以及活潑的小隊輔們， 讓您在寒假體驗到不一樣的營隊生活，為您留下最特別的回憶！課程內容包含針灸、刮痧、拔罐原理、藥草 實用、中醫理論……等任課教師： 中國醫藥大學教師群。 ,9月10日中午12:00開始報名至9月24日或額滿為止,醫藥衛生,自然科學領域
221,2020 夏令營和營隊資訊,2020 四季訪陽明系列活動 「磺石硫情-龍鳳谷-北投」,陽明山國家公園管理處,9 月 20 日(日) 、10 月 4 日(日) 、10 月 11 日(日)、10 月 18 日(日) 、10 月 21 日(三) 共五梯次,國中以下之學童需有家長一起報名，5 歲以下孩童及孕婦等，因安全 考量請勿報名本活動,https://bit.ly/35yohH2,https://ntdcamp.com/wp-content/uploads/2020/06/drz-__-N_INAlQoO6Y-unsplash-600x900.jpg,2020 四季訪陽明系列活動 「磺石硫情-龍鳳谷-北投」白氣縷縷，如山雲乍吐，搖曳青嶂間……」十七世紀末，郁永河奉命來台灣 採硫，初至陽明山硫磺谷，奇異的景色映入眼簾，於是匆匆記下《裨海紀遊》的 這麼一段文字。這裡是北投溫泉的源頭，孕育出豐富溫泉文化地景的起始點！ 「四季訪陽明-磺石硫情」系列活動規劃辦理 5 梯次「龍鳳谷—北投」活動體 驗，讓我們一同探索白氣縷縷的龍鳳谷、人文歷史深遠的北投。行程規劃：08：20 石牌捷運站第 1 號出口集合08：30~09：00 前往龍鳳谷遊客服務站09：00~10：00 火山地形解說10：00~11：00 實地探索硫磺谷11：00~12：00 享用午餐12：00~14：00 地熱谷及北投的前世今生14：00~16：00 新北投人文歷史巡禮16：00~16：30 至新北投捷運站16：30 賦歸,9 月 14 日 10：00 起開始報名，每梯次活動前 3 天停止報 名，如已額滿即停止報名,社會人文,社會領域
231,2020 夏令營和營隊資訊,2020 成功大學 Coding-X APCS 短期課程,國立成功大學,2020年 10 月 17 日 (六) 至 18日 (日)和10 月 24 日 (六) 至 25日 (日) 共 4 天早上 9 點 至 下午 5 點,在台灣就讀高中高職之一至三年級在學生，以偏鄉或中低收入戶學生為優先,https://bit.ly/35CObtf,https://ntdcamp.com/wp-content/uploads/2020/06/drz-__-N_INAlQoO6Y-unsplash-600x900.jpg,高中生營隊：高中生智能理財體驗營Coding-X 計畫主持人謝孫源（成功大學資訊工程學系講座教授 兼 財團法人成大研究發展基金會執行長）Coding-X 協同主持人王育民（成功大學生物科技與產業科學系特聘教授 兼 教務長）授課講師饒建奇（淡江大學電機工程學系副教授）,9月20日,資訊科技,科技領域
251,2020 夏令營和營隊資訊,2020 桃園地景藝術節-一口陂塘，一口故事,2020桃園地景藝術節,2020/10/04（日）10：30-12：00、13：00-14：30、15：00-16：30 共三梯次,適合5歲以上之民眾,https://bit.ly/3bmxoLy,https://ntdcamp.com/wp-content/uploads/2020/06/drz-__-N_INAlQoO6Y-unsplash-600x900.jpg,2020桃園地景藝術節 – 一口陂塘，一口故事沒挖過陂塘？沒體驗過澇埤？擁有千塘之境美名的桃園城，陂塘扮演著構築城市裡水文的重要角色。阿公曾指向陂塘，興奮地說：「逐到池底看日，捲上袖、彎起腰，一撈滿瓢攏是細魚鮮蝦……」祖先挖陂塘的智慧，透過「生態導覽」、「陂塘模型DIY」，讓雙手深陷紅土、灌水澇埤，從導覽認識生態，從體驗發現故事，活動中使用的陂塘文化教材與道具，也會供桃園市環境資源教育推廣學會永續使用喔～「陂塘不只是陂塘」更是阿公、阿嬤們的童年回憶，重現陂塘的風光吧！陂塘體驗等你來挑戰！,2020-09-04 12:00:00 起開放報名，額滿為止,藝術文化,藝術領域
261,2020 夏令營和營隊資訊,2020 海洋委員會營隊,,8月8日至9日 👉 https://bit.ly/3eSIbh8;8月12日至13日👉 https://bit.ly/3cFCm5a;8月20日至8月21日👉 https://bit.ly/30trLrR,,8月8日至9日 👉 https://bit.ly/3eSIbh8;8月12日至13日👉 https://bit.ly/3cFCm5a;8月20日至8月21日👉 https://bit.ly/30trLrR,https://ntdcamp.com/wp-content/uploads/2020/06/drz-__-N_INAlQoO6Y-unsplash-600x900.jpg,2020 海洋委員會營隊,,自然科學,自然科學領域
271,2020 夏令營和營隊資訊,2020 滯留島舞蹈劇場 X 台江文化中心【說故事身體繪本】工作坊,滯留島舞蹈劇場、台江文化中心,2020/9/6、13、20（日）10:00 – 11:30，2020/10/3（六）15:30 – 17:00,,https://bit.ly/2QKmqWZ,https://ntdcamp.com/wp-content/uploads/2020/06/drz-__-N_INAlQoO6Y-unsplash-600x900.jpg,2020 滯留島舞蹈劇場 X 台江文化中心【說故事身體繪本】以舞團歷年作品之照片製成故事書，每個作品有屬於自己的故事。老師以說故事的方式引導學童，啟發及開發學童的身體動作，於視覺及聽覺給予刺激，讓孩子發揮想像力進行肢體開發與創作。 ,,藝術文化,藝術領域
281,2020 夏令營和營隊資訊,2020 科學競賽培訓營–台南二中場,國立高雄大學科學教育中心、中華民國物理教育學會,2020/11/7-8,高中職學生,https://bit.ly/3nd0Wkz,https://ntdcamp.com/wp-content/uploads/2020/07/螢幕快照-2020-10-02-下午2.03.50-600x401.png,2020 科學競賽培訓營–台南二中場科學實驗及數據蒐集過程，往往需要許多設備、人員協助，及科學設施的規劃、設計、製作等，除此之外，參與科展競賽學生如有相關經驗人士進行事前協助，如臨場模擬、口說、海報呈現等，將有助提升科學競賽的效果及能見度。本為期兩天活動，主要在於培訓科展、物理辯論、小論文、探究實作競賽等所需相關技能，包含: 科學軟硬體使用、學長姐經驗分享、評審教師座談等，期間也將進行小組科展主題構想及分享討論，並進行探究實作競賽體驗，希冀透過兩天課程讓高中學生能快速獲得科展、科學探究實作、能力競賽、專題寫作、參展等活動所應具備的技能。一、競賽心得分享－安排高中科展、物理辯論、小論文得獎人與學生分享參賽心路歷程二、競賽評審講座－安排資深科展、奧林匹亞競賽、物理辯論、小論文評審與學生對談三、實作競賽體驗－安排一場探究實作競賽體驗，聘請評審即時給分及賽後講評四、安排一場科學報告寫作、小論文寫作或海報製作等五、介紹「物理教育學會」所規劃進行的相關競賽六、介紹目前國際及國內物理辯論競賽賽程及賽題七、科學軟硬體授課內容:三用電表使用Arduino簡介及IDE程式寫作Tracker、Phyphox、SciDavis 等軟體使用,10月7日或額滿為止,自然科學,自然科學領域
291,2020 夏令營和營隊資訊,2020 美學教育扎根計畫 ─ 小美學校｜10 月活動,臺北市政府文化局,,,https://bit.ly/3mqMmpg,https://ntdcamp.com/wp-content/uploads/2020/07/螢幕快照-2020-10-02-下午2.03.50-600x401.png,2020 美學教育扎根計畫 ─ 小美學校｜10 月活動小美學校以親切又熟悉的「小美」為名，期望能打造一個像鄰居般小而美的空間。提供所有年齡層民眾接觸美、感知美及學習創造美感的地方。小美學校在龍山文創基地內有兩個空間，分別為「小美教室」以及「微美展—從生活開始」。希望透過不同媒材探索認識美學的原理，並將美感原理向下扎根，鼓勵親子與家庭創造生活中的美感。【小美教室】▶ 從美感的基礎要素開始學習，建立並開啟對於美的感知▶ 教學與創作從生活經驗出發，並在課程中引導生活體驗▶ 關注創作的思考發想過程，讓參與者享受創作的樂趣▶ 每週上課為獨立課程內容，方便時間安排、歡迎隨時加入小美好厝邊｜在地美學工坊（部分戶外課程）：戶外走讀，觀察周遭環境景物，讓各年齡層對象從在地城市景觀和文化逐步培養欣賞與美感素養（戶外行程，家長需陪同參與）藝術家小美｜藝術家工作坊：由藝術家專業帶領，透過藝術家的眼光與專長，學習藝術欣賞、產生個人美感想法，並延伸體驗各式媒材與創作形式。（如為親子共學，則家長需陪同上課）大美小美一起來｜親子美感共學課程：透過系統性美感教育課程，從家庭教育建立親子的美學認識及興趣，讓藝術向下扎根、於生活中發芽（親子共學課程，家長需陪同上課） ,,藝術文化,藝術領域
301,2020 夏令營和營隊資訊,2020 高醫科學營（數位課程）,高雄醫學大學教務處推廣教育與數位學習中心,影片觀看時間10月21日（三）起到11月10日（二）止,對本課程有興趣之高中學生,https://bit.ly/2HrVeea,https://ntdcamp.com/wp-content/uploads/2020/07/螢幕快照-2020-10-02-下午2.03.50-600x401.png,2020 高醫科學營（數位課程）本校為啟發高中學生對於醫學科學、生命科學、醫藥科技開發的興趣，並認識高雄醫學大學對於本土與世界醫療之展貢獻，特設計本系列課程，以本校多名知名教授與校友之學術研究經驗介紹來引領高中學生進一步認識醫學大學學習環境與發展之多元性，並協助其選擇未來職涯之準備。班別名稱開課序號單元主題/影片長度分享者高醫科學營A班99101001武漢肺炎與新冠病毒（120分）施嘉和 教授名利雙收的轉譯科學研究（120分）鄭添祿 教授甲賽也能治病（120分）吳登強 教授高醫科學營B班99102001由世界趨勢看醫學的未來發展（120分）余幸司 教授從人類疾病看未來生醫產業的發展（120分）洪文俊 教授手術顯微鏡下的小世界及大世界（120分）魏福全 教授【課程主負責教師】：蕭世芬 助理教授,9月14日（一）起至109年10月12日（一）止,自然科學,自然科學領域
312,2020 夏令營和營隊資訊,2020中興大學高中物理科學班,國立中興大學,修業時間各為一學年(預計十月底開始上課、原則上於隔週週六上課，並於暑假安排密集輔導課程),2020年各公私立高中高一至高二學生或國中資優學生,https://bit.ly/2E3dhGd,https://ntdcamp.com/wp-content/uploads/2020/07/螢幕快照-2020-10-02-下午2.03.50-600x401.png,2020中興大學高中物理科學班開設課程及師資：由中興大學物理系教授講授所有課程，課程有數學、力學、電磁學、實 驗…等。 八、輔導方式及課程：以啟發性教學方式，藉由多媒體與演示實驗等教材導引學生主動思考問 題，增進解決問題的能力。同時安排實驗課程，訓練學生實作能力，強調理論與實驗並重 的啟發性教學。輔導課程包括﹔專題演講、實驗教學、專題研究、書報討論以及參觀教學 活動等。高一班輔導內容以高中的物理課程及實驗為主，高二班將輔導學生做專題實驗為主中興大學高中物理科學班一年級課程內容簡介： 課程由高中物理課本知識帶領你進入物理世界的奧秘，因此課程的主要內容分為幾部分： 1、 物理課程：課程包含高中物理及大一普通物理(力學、運動學、波動與光、電磁學及近代物 理) 內容簡介如下： 1.1 力學：介紹運動學、靜力平衡、動量、能量、轉動等等。在此單元我們將數學微積分、 三角函數等等融入此部分課程。 1.2 電磁學：將介紹四大基本力、靜電學、電場、高斯定律、電位、電容、靜磁學等。 2、 實驗課程 實驗部分包含：數據處理、史特林引擎-熱功轉換、磁性奈米粒子製作、電流天平(量測載 流導線在磁場中所受到的力 Lorentz force 並求得磁場大小)、鋰電池充放電研究、電力線 -藉由電力線的分佈情形，瞭解電場分佈狀況、色散、雷射光學實驗-繞射、雙狹縫干涉干 涉及多狹縫及光柵的繞射現象。最後我們將作口頭報告訓練，讓學生能把數據整理成科學 報告等等。 3、 物理啟發課程 物理啟發課程主要內容：介紹物理發展過程（物理史）、最新科學研究（例如光學科技、現 代科技與物理）、低溫世界的奧秘、生物與物理及物理人的未來及挑戰等等。此課程邀請系 上各實驗室老師上課。 4、 演示教學實驗: 配合上課課程安排演示實驗內容。演示內容以讓學生有思考空間、動手參與及互相討論的 機會為主。演示實驗安排以物理現象明顯為主。內容有七類：牛頓力學、轉動力學、流體 力學、熱力學、波動學、光學、電磁學。中興大學高中物理科學班二年級課程內容簡介： 因應新的高中課綱，“專題、實作、探索體驗”，課程將以進階的物理單元專題進行，其中包 括力學，光學，電學，磁學等等。每一單元專題，先以理論講解，使同學了解其物理原理，再 讓同學利用電腦程式來設計 3D 模擬其物理現象，並作實驗證明與觀察其物理原理與現象，達到 實作目的，最後將理論推導，程式模擬與實驗數據，撰寫成小論文，與課堂上發表演說，在其 過程中進行探索體驗。 ,個別報名及弱勢學生者請填寫「個別報名表」及「個人資料提供同意書」，於 109 年 9 月 28 日(一)前隨函請附上會考成績或在校成績影本，連同報名費寄出,自然科學,自然科學領域
321,2020 夏令營和營隊資訊,2020全國古蹟日：找回技藝路路藏蹟,臺中市文化資產處、臺中市政府文化局,,施工現場安全性考量、本系列活動只開放15歲以上參加,【 臺中舊城文化系列五感生活體驗】https://bit.ly/2Gi2VDj 、【尋找海之匠師-海線文資導覽/清水地區】https://bit.ly/33iCpmb、【摘不完的星鮮-山線文資導覽/潭子地區】https://bit.ly/34dF0gn、【國定古蹟臺中州廳」文資修復現場導覽】https://bit.ly/3cNsRTg、【歷史建築臺中刑務所官舍群」文資修復現場導覽】https://bit.ly/3cLmkbG,https://ntdcamp.com/wp-content/uploads/2020/07/螢幕快照-2020-10-02-下午2.03.50-600x401.png,2020全國古蹟日：找回技藝路路藏蹟,10月5日中午12點開放報名、額滿為止,藝術文化,藝術領域
331,2020 夏令營和營隊資訊,2020古生物代言人培訓計畫,國立台灣博物館, 9/12、9/19（夜宿古生物館）、9/20、9/27(野外挖化石)、10/4(下午驗收),國小4~6年級學童,https://bit.ly/3g0FJVY,https://ntdcamp.com/wp-content/uploads/2020/07/螢幕快照-2020-10-02-下午2.03.50-600x401.png,2020古生物代言人培訓計畫 日期時間課程內容講師第一天9/12(六)9:30-10:00報到10:00-12:00從無到有、從有到多樣的「漫漫演化路」湯谷明(小小老師）環境資訊協會指導員羽林生態股份有限公司午餐13:00-15:00生命演化廳解說技巧密技大公開湯谷明(小小老師）環境資訊協會指導員羽林生態股份有限公司15:00-16:00學習心得分享第二天9/19(六)夜宿9:30-10:00報到10:00-12:00陸地游向海洋的鯨豚奧秘余欣怡/臺灣大學生態演化所博士午餐13:30-15:30[我是一隻恐龍]肢體表達與開發蔡宜婷新藝向玩藝所講師永和國中表演藝術教師15:45-17:30[來去古蹟看骨跡][地球危機]動畫互動體驗游琇媛、張品柔臺博館教育推廣助理17:30-18:30盥洗(男女各3位)臺博館教育推廣助理分組表達能力練習游琇媛古生物代言人-承辦人18:30-19:00晚餐19:00-22:00看電影來找碴(侏儸紀世界)22:00-就寢第三天9/20(日)7:30-8:00起床、盥洗8:00-8:30早餐9:00-13:00口語表達技巧教學與練習中華民國口才協會第三屆理事長現任顧問林清和老師賦歸第四天9/27(日)挖化石07:00-17:00戶外教學~苗栗西湖、過港~王嘉祥化石達人第五天10/4(日)14:00-17:00驗收臺博志工/教育推廣助理臺博館土銀展示館隨著展館名稱更迭至古生物館。今年「小小古生物導覽員培訓計畫」即將改版為「2020古生物代言人培訓計畫」。除了野外挖化石、夜宿博物館的經典課程外，今年加強了口語表達、肢體開發的課程。今年課程除了讓國小4~6年級學童除了認識古生物知識外，更以提升由口語或身體表達的能力、培養面對人際關係的勇氣、與如何運用身體說話的能力為目標。國立臺灣博物館古生物館(原土銀展示館)自2010開館至今受家庭觀眾的喜愛，其中又以古生物的恐龍化石最為學童歡迎。自2013年起每年臺博館辦理「小小古生物導覽員培訓計畫」今年已邁入第7年。隨著展館名稱的更迭，今年「小小古生物導覽員培訓計畫」即將改版為「2020古生物代言人培訓計畫」。除了野外挖化石、夜宿博物館的經典課程外，今年加強了口語表達、肢體開發的課程。今年課程除了讓國小4~6年級學童除了認識古生物知識外，更以提升由口語或身體表達的能力、培養面對人際關係的勇氣、與如何運用身體說話的能力為目標。本課程透過該計畫培訓國小高年級學童古生物及地球科學相關知識，提供學員內容豐富的課程並帶領學員認識自我、挑戰自我，打破過去學校教學形式，引導學員在過程中培養環境對人類影響的觀念外，更使學員經由培訓提升與人互動的溝通能力，以及培養面對問題、與解決問題的能力。培訓的學員將成為臺博館的代言人，於明年上半年根據所學至本館展場服勤導覽，並隨博物館任務的不同，有機會代表成為博物館形象代言人。 ,8/10(一) – 8/23(日)、8/30面試,自然科學,自然科學領域
351,2020 夏令營和營隊資訊,2020台灣模擬聯合國會議 (TWMUN),國立交通大學、國立清華大學,2020/12/05（六）～2020/12/07（ㄧ）,今年同時歡迎高中生報名,https://bit.ly/3jfFJ6Q,https://ntdcamp.com/wp-content/uploads/2020/07/螢幕快照-2020-10-02-下午2.03.50-600x401.png,2020台灣模擬聯合國會議 (TWMUN),即日起至 2020/10/04（六）截止,商業管理,綜合活動領域
361,2020 夏令營和營隊資訊,2020國際女孩日 x 手機攝影課程：掌握自信角度、當自己的網美,台北市青少年發展處,10月11日(星期日) 10:00-16:00,12-24歲青少年,https://bit.ly/2ZwdBF1,https://ntdcamp.com/wp-content/uploads/2020/07/螢幕快照-2020-10-02-下午2.03.50-600x401.png,2020國際女孩日 x 手機攝影課程：掌握自信角度、當自己的網美好不容易到了網美景點卻不知道怎麼拍照嗎? 擺pose常常被說很老派嗎? 想知道網美照都是怎麼拍的嗎?只要有心，人人都可以是網美，今年國際女孩日、青發處邀請到網美攝影影片。有300萬觀看人次的吳水水老師，帶領大家認識手機攝影、後製修圖的技巧，以及如何用手機拍出有質感又有風格的網美照。除此之外，還要帶大家戶外實際演練拍攝，傳授大家網美打卡照pose大全。讓你從中發掘自己的自信與特色，學習如何營造自己，當自己的網美！活動內容：時間活動主題內容大綱備註09:45-10:00參加者報到於本處6樓大型研討室報到。10:00-12:00掌握自信角度，當自己的網美！-如何營造自己，建立個人特色。-網美打卡照pose大全，如何運用動作、姿勢，拍出女孩的自信美。-手機攝影實用的基本功能介紹。-手機攝影技巧大解析，指導學員如何取景，並運用構圖、調光、色調及景深等技巧，提升畫面情境與美感。講師:吳水水老師及助教1名。12:00-13:00中午用餐時間6樓大型研討室用餐13:00-14:30戶外實際拍攝演練，拍自己的網美照。-臺大醫學院外拍-戶外拍攝之構圖與角度取景實際演練。-運用自然光線練習戶外拍攝光影技巧。-網美打卡照實拍演練，如何結合動作與景物，營造唯美情境氛圍。講師：吳水水老師及助教1名。14:30-16:00後製修圖技巧教學，提升照片質感與風格。-手機後製修圖、調光、調色及濾鏡等使用技巧分析應用。-學員成果分享與討論。講師：吳水水老師及助教1名。 ,9月15日(二)9:00起開放報名，額滿為止,資訊科技,科技領域
371,2020 夏令營和營隊資訊,2020國際考古日- 夜宿博物館,新北市立十三行博物館,10月17日(六)19:00至10月18日09:30,國小一年級以上、九年級以下學童，及陪同家長,https://bit.ly/3kWKSkN,https://ntdcamp.com/wp-content/uploads/2020/08/160129273453199_P8653369-600x399.jpg,2020國際考古日- 夜宿博物館晚上在博物館探險是什麼感覺呢?在博物館的文物到晚上真的會活過來嗎?一起跟著從探坑甦醒的十三行人來「夜探考古公園」，尋找獵鹿大師、製陶大師…欲知詳情，歡迎報名「夜宿博物館」，一起來與人面陶罐共枕眠吧！包含常設展得來速導覽與夜探考古公園，夜探考古公園將由劇團演員扮演十三行人，請小朋友們幫忙尋找遺失的陪葬品，小朋友們必須合力闖關找回遺失的陪葬品。               19:00-19:30報到及換裝               19:30-19:40活動說明               19:40-20:00常設展得來速               20:00-21:40夜探考古公園               21:40-08:30盥洗睡覺              08:30-09:30起床吃早餐              09:30-      活動結束,9/29(二)上午10點至10/5(一)下午5點,藝術文化,藝術領域
381,2020 夏令營和營隊資訊,2020在繪本中看見力量系列講座,臺中市立圖書館,"
在繪本中看見力量〜繪本中的「兒童觀」與「兒童力」 9/12(六) 14:00-17:00 （李科永紀念圖書分館）
從心聊起〜蘇格拉底對話模式的閱讀 9/27(日) 14:00 -17:00（溪西分館）
東方小美人〜繁花盛開的台灣繪本出版花園 10/17(六) 14:00-17:00 (豐原分館)
可以觀、可以遊、可以居的繪本 10/31(六) 14:00-17:00 （精武圖書館）
喜歡閱讀．發現世界〜從書中的小世界，進入孩子的大世界 11/14(六) 14:00-17:00（大里分館）
在書頁間閃爍無限光芒的日文繪本 11/28(六) 14:00-17:00（大毅幸福講堂）
",,https://bit.ly/2Qlv122,https://ntdcamp.com/wp-content/uploads/2020/08/160129273453199_P8653369-600x399.jpg,2020在繪本中看見力量系列講座中市圖與深耕親子共讀多年的小大繪本館合作，規劃「在繪本中看見力量」系列講座，結合小大繪本館長期推廣繪本閱讀的經驗，邀請繪本界專業人士舉辦講座與民眾分享交流，深度認識國內外兒童文學出版與繪本創作的豐富樣貌，翻開繪本扉頁在圖像與文字中看見世界的寬廣，扎根城市閱讀生活。小大繪本館簡介「台中小大繪本館」是由「小大讀書會」創始人林真美及讀書會的夥伴們一起共同創立的閱讀空間，開放給所有喜歡繪本的孩子和大人。自2000年6月25日成立迄今，以推廣繪本閱讀為宗旨，20年來服務了無數的家庭與團體。在這裡，從館長到每一位館員，都是志工，營運上無論輪值、借閱服務、選書、翻譯外文書籍、舉辦活動、館內事務等等全依賴志工們的付出。目前館內繪本藏書達兩萬多冊，除了豐富的藏書量，「小大繪本館」在選書上亦特別用心，除了廣蒐經典繪本、英日文原文繪本，對於國內外最新出版的繪本大獎或大師作品，亦盡可能的以最快的速度上架，並不定期舉辦各種主題繪本展及繪本相關講座，提供更有深度的繪本資訊。講師簡介林真美　(兒童文學工作者、小大讀書會創辦人)　　　　　　講師林真美照片國立中央大學中文系畢業，日本國立御茶之水女子大學兒童學碩士。1992年開始在國內推動親子共讀讀書會，1996年策劃、翻譯 【大手牽小手】繪本系列（遠流），2000年與「小大讀書會」成員在台中創設「小大繪本館」。2006年策劃、翻譯【美麗新世界】繪本系列（親子天下）及 【和風繪本系列】（青林國際），譯介英、美、日……繪本無數。除翻譯繪本、散文、小說等作品外，亦專精於繪本論述，著有《繪本之眼》（親子天下）。《在繪本花園裡》（遠流）則為早期與小大成員共著之繪本共讀入門書。目前在大學兼課， 開設「兒童與兒童文學」、「兒童文化」等課程。近年並致力於「兒童權利」之推廣。劉清彥　(兒童文學工作者、童書作家)　　　　　　　　　　講師劉清彥照片小朋友口中的阿達叔叔，已經為孩子們說了三十多年故事，因為說故事開始接觸童書，進而從新聞領域轉換跑道從事童書相關工作，為小朋友翻譯和創作近四百本童書，也經常到國內外各地為喜愛童書的大人演講，近年來努力將傳播專業和童書結合，除了在電視主持兒童閱讀節目＜烤箱讀書會＞，也主持廣播節目＜閱讀推手＞，並因此獲得金鐘獎最佳兒少節目與教育文化節目主持人獎，2015年也榮獲豐子愷圖畫書獎。張淑瓊　(親子天下兒童閱讀研究院院長)　　　　　　　　　講師張淑瓊照片大學學大眾傳播，研究所念兒童文學教育，1994 年底開始投入童書閱讀推廣活動。曾任誠品書店童書企劃、兒童商品採購、道聲出版社童書主編、親子天下童書副總監。現任親子天下兒童閱讀研究院院長。對童書與基督信仰的連結有極大的熱情，正努力試著用童書解讀《荒漠甘泉》中。宋　珮　(兒童文學評論者)　　　　　　　　　　　　　　　講師宋珮照片大學時代主修英國文學，在學期間，對視覺藝術發生興趣，繼而赴美國加州大學聖塔芭芭拉攻讀藝術史碩士。回臺後在中原大學任教，同時兼做編輯、翻譯與藝術評論，得機會接觸圖畫書，喜見圖文以書的形式共同敘事的巧妙豐富，開始研究圖畫書作家和其作品，並試與東西方藝術相互參照，探其深厚底蘊。郭妙芳　(阿布拉教育文化總編輯)　　　　　　　　　　　　講師郭妙芳照片美國加州Chapman University教育碩士，主修課程與教學，現任阿布拉教育文化總編輯。阿布拉教育文化主要出版「文學性」、「藝術性」和「兒童性」兼具的兒童繪本。 阿布拉在書裡打造了溫暖的小宇宙，帶著孩子一起擷取書中的溫暖與想像。 世界不只有一種聲音，故事不只有一種呈現方式。從書中的小世界到外面的大世界，打開兒童的視野，使孩子不僅能聽到世界的聲音，更能從中發現自己的聲音。高明美　(步步出版編輯總監)　　　　　　　　　　　　　　講師高明美照片國立政治大學俄語系畢業，日本國立岡山大學心理研究所碩士，曾擔任日本大阪國際兒童文學館外國人客座研究員一年，主要研究日本圖畫書發展史及兒童閱讀運動的發展軌跡。曾任教於台東大學、國立台北教育大學、臺北市立教育大學等校，講授圖畫書賞析與製作等相關課程。從事圖畫書編輯工作三十餘年，歷任巧連智雜誌創刊發行人暨總編輯、信誼基金出版社執行主編、總編輯等職位，主負責信上誼圖畫書及兒童讀物的編務及出版事宜；曾擔任數屆信誼幼兒文學獎以及信誼圖畫書獎決審委員。本身亦從事翻譯工作，翻譯英、日文圖畫書二十餘種。在讀書共和國旗下的步步出版社編輯總監期間，監製出版之圖畫書備受好評，屢獲選國內各大重要閱讀書單，並獲「好書大家讀」2016年年度好書、OPENBOOK閱讀誌2017年年度最佳童書等殊榮。目前兼任台北市立大學講師，講授幼兒文學、經典圖畫書選讀與評析及兒童讀物企劃與製作等課程。 ,名額有限，額滿為止,藝術文化,藝術領域
391,2020 夏令營和營隊資訊,2020山城小鎮古坑慢遊x文青學生之旅,雲林縣政府文化觀光處,10月9日，星期五,不限,https://bit.ly/3nffPm7,https://ntdcamp.com/wp-content/uploads/2020/08/160129273453199_P8653369-600x399.jpg,2020山城小鎮古坑慢遊x文青學生之旅人生冷暖取決於心靈的溫度，旅遊的溫度很重要！慢遊像溫火，慢慢的烘培出旅遊的味道！遊程內容：綠色隧道→荷苞山咖啡園區→午餐（竽芯園庭園美食屋體驗在地美食風味）→雲林虎尾布袋戲文化巡禮：雲林布袋戲館、雲林故事館、雲林記憶COOL、虎尾合同廳舍→賦歸 ,10月6日下午三點,藝術文化,藝術領域
401,2020 夏令營和營隊資訊,2020年三洽水環境教育中心-和和和小旅行,桃園龍潭三洽水環境教育中心,9/13、10/6、10/20、10/24,不限,https://bit.ly/3bSw8QK,https://ntdcamp.com/wp-content/uploads/2020/08/160129273453199_P8653369-600x399.jpg,2020年三洽水環境教育中心-和和和小旅行三洽水環境教育中心擁有淺山自然生態與幽靜的古道，是進行戶外活動的好去處，今年特別推出和和和小旅行優惠方案，體驗活動包含步道生態導覽，創意DIY、客家民風餐等共5.5小時的內容，每人收費400元（含活動費、午餐、DIY材料費等）。來到這兒讓你與孩子深入體驗淺山自然生態，品嚐天然、健康又安心的客家風味餐。活動內容：09：00-09：30報到09：30-11：00步道生態導覽11：30-12：30客家民風餐13：00-14：00手作課程(驅蚊包、窯烤披薩、客家米粽擇一)14：00-14：30瓜閒寮>和窯文創園區14：30-15：00澢滴水火龍果園可食地景(依產果期彈性調整)15：00~~~~~開心賦歸,額滿為止,自然科學,自然科學領域
41,2020 夏令營和營隊資訊,2020年中央研究院高中生命科學研究人才培育計畫,中央研究院,9月19日(週六) 預定10月17日（星期六）舉行口試;9 月 9 日星期三,國內各公私立高中一年級學生，具備優良之數、 理、化基礎，對生命科學（動、植物、生化、分生、醫學、農學等 相關科學）有濃厚興趣，並對實驗與研究工作有特別喜好者,https://bit.ly/3hgZWZi,https://ntdcamp.com/wp-content/uploads/2020/08/160129273453199_P8653369-600x399.jpg,2020年中央研究院高中生命科學研究人才培育計畫為因應日益精進的生命科學發展趨勢，及早培育優秀年輕學 子從事科學研究，本計畫將甄選對生命科學有濃厚興趣的高中一 年級學生，依其興趣由本院相關專長的生命科學研究人員以個別 指導方式因材施教，啟發學生思考能力，激勵學生研究潛能。本計 畫希加強我國學生的基礎科學研究能力，作育年輕優秀人才，使成 為傑出的生命科學家，開創未來更美好的新紀元。,,自然科學,自然科學領域
42,2020 夏令營和營隊資訊,2020年假日藝術學校-大觀國小「小小留美子」漫畫班,新北市政府教育局,10月31日到11月1日,新北市國小學生。因本營隊需要劇情安排招收二~六年級學生，歡迎親子共同體驗,https://bit.ly/36rJwKZ,https://ntdcamp.com/wp-content/uploads/2020/08/160129273453199_P8653369-600x399.jpg,2020年假日藝術學校-大觀國小「小小留美子」漫畫班 ,10月5日中午12時到10月10日上午11時59分,社會人文,社會領域
44,2020 夏令營和營隊資訊,2020年全國古蹟日「二戰探秘—宜蘭淺山地帶軍事遺產巡禮」,文化部文化資產局,2020年9月19日（星期六）;9月15日（星期二）下午5點止,不限年齡，皆可參加，參加民眾須自行評估個人體能及健康狀況，未滿12歲之報 名者，需家長或監護人同意並陪同參與,https://bit.ly/2EQIUD6,https://ntdcamp.com/wp-content/uploads/2020/08/160129273453199_P8653369-600x399.jpg,2020年全國古蹟日「二戰探秘—宜蘭淺山地帶軍事遺產巡禮」本年度古蹟日活動，將帶領民眾探訪、走踏隱匿於淺山地帶的軍事遺產，透過調查團隊以詳實的史料為基礎，藉由實地現場導覽解說，讓民眾深刻瞭解75年前的二次世界大戰，在宜蘭留存至今的珍貴資產。活動地點及場所：1.丟丟銅廣場：統一集合報到、(大客車)出發。2.員山機堡：宜蘭飛行場的故事―員山機堡歷史巡禮及音樂饗宴。3.員山鄉內城村：探訪鼻仔頭坑道與(隘勇古道)遠眺西飛行場。4.員山鄉枕山村：枕山陣地坑道探秘。5.礁溪鄉白鵝村：鵝頭山要塞走踏。,9月15日（星期二）下午5點止,社會人文,社會領域
45,2020 夏令營和營隊資訊,2020年原住民琉璃珠手作DIY體驗活動,臺北市青少年發展處,10月25日(日)下午2時至5時,12歲至24歲青少年,https://bit.ly/3jpeTtc,https://ntdcamp.com/wp-content/uploads/2020/08/160129273453199_P8653369-600x399.jpg,2020年原住民琉璃珠手作DIY體驗活動為推動、維護原住民族文化，展現族群文化的豐富內涵與未來性，使部落文化得以維繫、保存、創新，最重要的是母語學習和傳統工藝/技藝的傳習與應用，其中，傳統技藝則為文化的具體表徵，也是維繫人民生活與文化習慣的重要載體。失去傳統技藝，文化的豐富內涵就失去物質文明的載體，也就喪失了促使文化得以創新、永續發展的基礎。本計畫藉由原住民傳統手工藝體驗活動，運用排灣族原住民傳統琉璃珠及編繩技巧，製作項鍊、手環等具有原住民風情的手工藝作品，讓學員進一步認識原住民傳統文化及藝術，並期望在手作過程中，造型及色彩方面也讓學員嘗試表達自我美感，期望活動讓學員具備族群文化多元性的視野。動內容：13:45~14:00  參加者報到14:00~17:00  原住民琉璃珠及編繩手工藝體驗課程-由鄭春美老師講述排灣族琉璃珠藝術的文化背景與故事。-藉由原住民琉璃珠及編繩手作體驗，製作原住民傳統手鍊等手工藝品，過程中也讓學員嘗試表達自我美感，製作獨一無二的作品。,10月6日中午12時起開放報名，額滿為止,藝術文化,藝術領域
46,2020 夏令營和營隊資訊,2020年台大科普夏令營 (國中生),,; 7月20日(星期一)至7月24日 (星期五); 8月10日(星期一)至8月14日 (星期五);; 7月27日(星期一)至7月31日 (星期五); 8月17日(星期一)至8月21日 (星期五),暑假後升國一 ~ 國三,https://bit.ly/2Y81Qmx,https://ntdcamp.com/wp-content/uploads/2020/06/chromatograph-_whop2XD0Mk-unsplash-600x400.jpg,生活科技大爆炸 – 科學趣味體驗營是在哈囉 – 物理與化學的火花台大科普夏令營,,自然科學,自然科學領域
49,2020 夏令營和營隊資訊,2020年台江夜行活動計畫,台江國家公園管理處,10 月 24 日(星期六) 下午 14：00 至晚上 21：30,一般民眾（建議 12 歲以上）,https://bit.ly/3hVXXJs,https://ntdcamp.com/wp-content/uploads/2020/06/chromatograph-_whop2XD0Mk-unsplash-600x400.jpg,2020年台江夜行活動計畫台江夜行，結合了台江拓墾文化、台江國家公園水圳與綠之美，這是一條背包 客的旅線，也是一條愛鄉護水之路，匯集眾人之力，一起來守護河川，守護土地。 台江國家公園管理處本著家園守護的精神，與台江在地ＮＧＯ團隊攜手辦理「2020 台江夜行活動」，希望鼓勵更多的青年朋友投入台江綠道運動，認識台江國家公園 活動流程：14:00-14:30 報到（台江國家公園管理處）14:30-15:00 致詞/授旗儀式/台江夜行出發15:00-16:00 台江國家公園管理處至大員港（乘坐娛樂漁筏）16:00-16:30 大員港至鹿耳門安檢所 16:30-16:50 鹿耳門安檢所補水16:50-17:50 鹿耳門安檢所至鎮門宮(步行北汕尾沙灘)17:50-18:10 鎮門宮補水18:10-18:50 鎮門宮至鹿耳門天后宮18:50-19:30 於鹿耳門天后宮用晚餐19:30-20:00 鹿耳門天后至北汕尾路 北汕尾路補水20:00-20:30 北汕尾路至台江國家公園管理處20:30-21:30 領取證書/心得分享21:30 結束  ,年 9 月 24 日上午 10:00 開放報名 10 月 21 日截止報名或額滿為止,社會人文,社會領域
50,2020 夏令營和營隊資訊,2020年台灣大學高中物理科學人才培育計畫,台大物理系,9月19日 (星期六); 8 月 28 日（星期五）上午 9:00 起至 109 年 9 月 14 日（星期一） 上午 10:00 止,新生 – 公私立高中職高一新生、插班生 – 公私立高中職高一升高二學生,https://bit.ly/31CIzfS,https://ntdcamp.com/wp-content/uploads/2020/06/chromatograph-_whop2XD0Mk-unsplash-600x400.jpg,2020年台灣大學高中物理科學人才培育一、以提升物理興趣為主旨，發掘對基礎科學有潛力的高中生，培養其正確的科學知 識與學習方法，以啟發學生主動思考問題、解決問題的能力。二、訓練學生嚴謹思考與靈敏反應，激發其科學潛能與興趣、奠基科學知識與人文素 養、培養科學實驗能力，以及正確的科學態度、方法與價值觀。三、啟發學生思考能力，提升基本知識，增強學生主動積極地參與問題討論。四、訓練學生之實驗能力，加強實驗技巧，使其對物理及科學現象產生濃厚的興趣。五、訓練學生能主動收集資料，探討未來可能研究的課題。六、提供學生優良的基礎科學環境，使其在潛移默化中，提升基礎科學素養，培養未 來物理科學研究人才。國立臺灣大學物理學系 張慶瑞教授、陳政維教授、李慶德教授中國文化大學物理學系 黃信健教授、陳繩義教授淡江大學物理系 李明憲教授一、甄選對基礎科學-尤其是物理科學-有興趣及科學研究性向明顯且對科學實驗有高度 熱忱和潛力的高中學生，紮實對物理科學基本知識，訓練實驗能力技巧及研究的方 法，培養未來的物理科學研究人才。培育方法參酌先進科學教育理念，對授課模式、 課程內容、指導方式等規劃教學活動，配合動手做演示教具，從事問題探究教學， 啟發學生「提問問題」、「解決問題」的能力，使學生落實學生物理觀念學習。輔 以開放式的問題探索，培養學生收集閱讀科學文獻資料習慣，訓練在較深程度物理 觀念之「獨立思考」能力。透過基礎實驗教學，訓練學生實驗操作技巧及實驗方法， 及專題研究，增強主動積極地參與群組問題討論，逐漸養成「專題研究」、「團隊 合作」與「科學創造力」等能力。二、以優異教學團隊及大學物理實驗室為教育基地，提供優良基礎科學學習研究環境。 全程教學以三年為期實施，分年逐步建立物理科學研究所需知識和能力，內容包含 有基礎物理學、基礎物理實驗、基礎數學、科學新知探索、專題研究等部分，課堂 講授、實驗操作、軟體模擬探作、簡報討論、科學營、國家研究單位及貴重儀器參 觀等教學活動以分年級階段加深與加廣並行實施。三、施行上，分為(1)學期中之每隔週之週六作一整天教學輔導及(2)暑期中舉辦密集輔 導。學期中係利用隔週六在臺灣大學物理館進行上課，方式包括課堂教學、專題演 2 講、實驗教學、分組研討、書報討論等。每位同學安排有導師，從事面對面或線上 個別輔導，另有習題演算及小組討論課，由教授或助教帶領同學討論。四、教學內容以基礎學科與前沿科學並重，包含基礎物理學、物理實驗、基礎數學、專 題講演四部分。基礎物理學內容又分力學、熱學、電磁學、光學、近代物理學等， 以課堂講授方式進行，並配合演示實驗可以增進對講解內容以具體體會理解。第一 年輔導內容以高中物理教材為基礎，另行補充深入之物理教材講解，並配合基礎物 理實驗教學，學習實驗儀器操作及研究等。另安排時數則以講授數學，以增強了解 物理理論與實驗分析所需基礎數學為主，涵蓋高中理科數學、微積分、向量數學基 礎等。,,自然科學,自然科學領域
52,2020 夏令營和營隊資訊,2020年國立清華大學高中學生科學研究人才培育計畫,清華大學,9月19日(週六),109學年度高一新生報考,https://bit.ly/3g28j9t,https://ntdcamp.com/wp-content/uploads/2020/06/chromatograph-_whop2XD0Mk-unsplash-600x400.jpg,2020年國立清華大學高中學生科學研究人才培育計畫本計畫主要是輔導對基礎科學尤其是對物理、化學、生命科學有興趣且具潛力的高中學生，經由隔週至本校上課及實驗，教導並激發其對科學的基本知識與正確觀念，訓練分析推理的能力及作實驗的方法。並藉分組討論及輔導，解答及發現學生在課業上疑難，啟發學生思考與訓練其表達及運用參考文獻的能力。希望在科學上具有潛力的學生經過兩年在本計畫的培育後，能有所啟蒙且產生興趣，進而紮實其基礎科學的訓練，以期在日後能成為基礎科學的優秀人才。,,自然科學,自然科學領域
55,2020 夏令營和營隊資訊,2020年清華大學高中學生科學研究人才培育計畫,清大數學系,9月12日(六)10：00~12：00，於新竹及台北舉行，詳細位址將公告於計畫網頁與應考須知,北部地區公私立高中高職（包含完全中學與在家自學）一、二年級生，對數學、程式語言或數學相關之科學有濃厚興趣者。非高中學生亦可報名參加甄選，依照筆試成績錄取。,https://bit.ly/3jhxUgH,https://ntdcamp.com/wp-content/uploads/2020/08/1_L76A5gL6176UbMgn7q4Ybg-600x400.jpeg,2020年清華大學高中學生科學研究人才培育計畫本計畫針對北部地區數學與資訊科學資優或具科學研究潛能之高中學生，利用假日及寒暑假，施予特別輔導，以此增廣及加深其數學興趣、科學知識與解決問題的能力。基礎數學與程式設計課程主要由國立清華大學負責，本計畫期許培養未來具數學或資訊基礎之跨領域研究人才，並奠定培養參加IMO (International Mathematical Olympiad) 國手培訓的基礎。高中數學與資訊資優課程：國立清華大學。專題課程與演講：邀請各領域專家學者以及具培訓國際數奧競賽國手經驗之專家。,,自然科學,自然科學領域
57,2020 夏令營和營隊資訊,2020年田寮洋綠網小旅行,新北市政府農業局,單日型活動，分為 2 主題、共 4 梯次 – 悠游水網與水域生物調查:10/17(六)、10/18(日) 、農事與鳥類調查:11/7(六)、11/8(日),考量課程難度及行走強度、建議國小 3 年級以上青少年及成人參加,https://bit.ly/3mDpFhG,https://ntdcamp.com/wp-content/uploads/2020/08/1_L76A5gL6176UbMgn7q4Ybg-600x400.jpeg,"2020年田寮洋綠網小旅行位於新北市貢寮區的田寮洋濕地,具有沼澤、水田、旱田、草澤及樹林等各式鑲嵌地貌,每年秋冬可見大量遷徙鳥群休憩紛飛,也是眾多水生生物們的重要棲息地。為增進民眾對國土生態綠網政策、田寮洋保育計畫的認識,109 年度在新北市政府及林務局的支持下,將辦理 2 主題、共 4 梯次的單日型小旅行活動,快來和我們一同走進美麗的田寮洋濕地吧!悠游水網與水域生物調查 行程表預估時間 活動 內容(實際行程將依季節、人力調整,謝謝您的理解)08:40-09:00 集合 集合,準備開始認識貢寮的一天。09:00-11:30 溪流觀察透過窺箱及手翻石頭等非侵入式觀察方法,發現水生生物特徵與環境的契合關係、了解溪流生物的指標意義,及其對自然溪流的條件需求。11:30-12:30 田寮洋風味餐 從田裡長出來的米、菜園裡生的菜,享用美味的在地當令餐時、用嘴巴支持田寮洋的環境。13:00-15:30 走進無名溪大家一同走進目前作為排水設施的無名溪,除了尋找躲藏在溪中的小小居民之外,也觀察這些生物們是如何面對這些人工設施。15:30-16:00 喝涼抬槓對比溪流與水田濕地,如何產生不同的棲位與生物,以及這條水域廊道「雙溪河-田寮洋濕地-遠望坑溪」對生活在城鄉的人們,產生哪些不可或缺的貢獻。16:00- 車程 整理妥當,在返程中好好休息、細細咀嚼整日感動。農事與鳥類調查 行程表預估時間 活動 內容(實際行程將依季節、人力調整,謝謝您的理解)08:40-09:00 集合 集合,準備開始認識貢寮的一天。09:00-11:30 農事挺環境 參與當令農事,體驗農事勞動如何創造生物棲息環境、了解友善農業的眉角。11:30-12:30 田寮洋風味餐 從田裡長出來的米、菜園裡生的菜,享用美味的在地當令餐時、用嘴巴支持田寮洋的環境。12:30-13:30 自然鳥不起 透過小遊戲介紹鳥類觀察的撇步、指認不同棲地環境類型。13:30-16:00 尋鳥在自然觀察的漫步中,發現鳥類生物對不同環境的依存關係(擾動程度從高到低):水田-涉禽、旱田-走禽、草叢-鳴禽、埤塘-游禽、林間-攀禽鳴禽鶉雞、樹冠-猛禽。16:00- 車程 整理妥當,在返程中好好休息、細細咀嚼整日感動。",9/21(一)中午12時開放報名,自然科學,自然科學領域
58,2020 夏令營和營隊資訊,2020年社造人才培育課程【都會社造在身邊—城市觀察員就是你！】,桃園市政府文化局,「初階養成班」平日班(8/19-9/9每周三13:30-16:30) 、「初階養成班」假日班(8/23-9/13每周日13:30-16:30)、進階圓夢工作坊(9/20、9/27、10/18三個周日);2020年社造人才培育課程【都會社造在身邊—城市觀察員就是你！】分兩階段課程，學員需完成「初階養成班」課程，方能參與「進階圓夢工作坊」，學習計畫寫作，並配合輔導訪視，完成社造提案計畫，得申請文化局「110年度社區營造補助計畫」，連結社造資源，展開圓夢行動。■初階養成班–選修課程 (平日班、假日班二擇一)★南桃園平日班時間：8/19(三)、8/26(三)、 9/2(三)、9/9(三)  下午13:30-16:30地點：平鎮區義興里集會所1樓(桃園市平鎮區義興街80號)◎第一堂課、8/19(三)13:30-16:30「發現你的生活藏寶圖!」講師：淡江大學建築系副教授  黃瑞茂老師地圖只有一種嗎？都市生活只有高樓大廈與車子嗎？用不同眼光去觀看，每個城市都是百寶箱！讓我們做個城市觀察員，一起發現你的生活藏寶圖吧！◎第二堂課、8/26(三)13:30-16:30「閱讀，讓我們更靠近!」講師：平鎮小兔子書坊  黃淑貞老師繪本，超越文字的力量，用圖畫傳達更強大的感染力！如何用繪本力量帶動社區？有哪些繪本可以引發感動？讓小兔子書坊的黃老師現身說法，發現自己也可以！◎第三堂課、9/2(三)13:30-16:30「一起來說地方故事」講師：Mingalar par 緬甸街計畫主持人  楊萬利老師生活周遭有太多值得感動的小人物、小故事值得紀錄，運用手邊簡單的工具，寫下身邊有趣的事，自己的歷史自己紀錄，為自己講故事！◎第四堂課、9/9(三)13:30-16:30「探索社區議題地圖」講師：中華大學建築與都市計畫學系副教授  侯順耀老師你的生活值得更好！但要怎麼做？第一步，先試著了解你的鄰居與生活環境吧！思考、挖掘公共議題，學習市民串聯行動方法，讓改變從小處著手，點滴累積成美好！★場次二：北桃園假日班時間：8/23(日)、8/30(日)、9/6(日)、9/13(日)  下午13:30-16:30地點：蘆竹區光明市民活動中心2樓(桃園市蘆竹區光明路二段33號)◎第一堂課、8/23(日)13:30-16:30 「發現你的生活藏寶圖!」講師：經典工程顧問專案經理  陳鳴誼老師地圖只有一種嗎？都市生活只有高樓大廈與車子嗎？用不同眼光去觀看，每個城市都是百寶箱！讓我們做個城市觀察員，一起發現你的生活藏寶圖吧！◎第二堂課、8/30(日)13:30-16:30「過好生活從散步開始」講師：三洽水環境教育中心執行長  胡家溱老師綠色生活地圖，清楚地標示出生活周遭有關自然的、人文的、健康的、環保的景點，並以一套世界通用、簡明生動的圖示來表示。透過綠色生活地圖，對生活環境有更多的了解。由了解開始，希望我們對環境產生更多關心與維護的意願，進而樂於改變自己的生活型態，以對土地更友善的方式生活。◎第三堂課、9/6(日)13:30-16:30「都市可以怎麼玩?」講師：還我特色公園行動聯盟  張雅琳老師都市帶來便利的生活，但我們卻被公寓大廈侷限了想像。有綠地的遊戲公園要怎麼玩，而沒有綠地也有沒有綠地的玩法，發揮創意，或許可以走上街道玩耍去！將公廈閒置的空間翻轉成遊戲場域，使公廈變得好玩又有趣。◎第四堂課、9/13(日)13:30-16:30「探索社區議題地圖」講師：中華大學建築與都市計畫學系副教授  侯順耀老師你的生活值得更好！但要怎麼做？第一步，先試著了解你的鄰居與生活環境吧！思考、挖掘公共議題，學習市民串聯行動方法，讓改變從小處著手，點滴累積成美好！■進階圓夢工作坊–共同課程 時間：9/20(日) 10:00-17:00、9/27(日) 10:00-17:00、10/18(日) 13:00-17:00，另搭配現地訪視進行。地點：蘆竹區光明市民活動中心2樓(桃園市蘆竹區光明路二段33號)◎9/20(日)   10:00-17:00「工作坊一：議題收斂、形成夥伴」講師：中華大學建築與都市計畫學系副教授  侯順耀老師/社造中心  林怡君、吳偉如◎9/27(日)   10:00-17:00「工作坊二：資源整合、擬定策略、形成計畫」講師：中華大學建築與都市計畫學系副教授  侯順耀老師/社造中心  林怡君、吳偉如★9/28~10/17依社區需求現地訪視與計畫討論◎10/18(日) 13:00-17:00「工作坊三：行動方案分享會」主持人：林怡君/回應人：向家弘老師、楊玉如老師,欲關心地方事務的學生、市民,https://bit.ly/311J7LY,https://ntdcamp.com/wp-content/uploads/2020/08/1_L76A5gL6176UbMgn7q4Ybg-600x400.jpeg,2020年社造人才培育課程【都會社造在身邊—城市觀察員就是你！】分兩階段課程，學員需完成「初階養成班」課程，方能參與「進階圓夢工作坊」，學習計畫寫作，並配合輔導訪視，完成社造提案計畫，得申請文化局「110年度社區營造補助計畫」，連結社造資源，展開圓夢行動。■初階養成班–選修課程 (平日班、假日班二擇一)★場次一：南桃園平日班時間：8/19(三)、8/26(三)、 9/2(三)、9/9(三)  下午13:30-16:30地點：平鎮區義興里集會所1樓(桃園市平鎮區義興街80號)◎第一堂課、8/19(三)13:30-16:30「發現你的生活藏寶圖!」講師：淡江大學建築系副教授  黃瑞茂老師地圖只有一種嗎？都市生活只有高樓大廈與車子嗎？用不同眼光去觀看，每個城市都是百寶箱！讓我們做個城市觀察員，一起發現你的生活藏寶圖吧！◎第二堂課、8/26(三)13:30-16:30「閱讀，讓我們更靠近!」講師：平鎮小兔子書坊  黃淑貞老師繪本，超越文字的力量，用圖畫傳達更強大的感染力！如何用繪本力量帶動社區？有哪些繪本可以引發感動？讓小兔子書坊的黃老師現身說法，發現自己也可以！◎第三堂課、9/2(三)13:30-16:30「一起來說地方故事」講師：Mingalar par 緬甸街計畫主持人  楊萬利老師生活周遭有太多值得感動的小人物、小故事值得紀錄，運用手邊簡單的工具，寫下身邊有趣的事，自己的歷史自己紀錄，為自己講故事！◎第四堂課、9/9(三)13:30-16:30「探索社區議題地圖」講師：中華大學建築與都市計畫學系副教授  侯順耀老師你的生活值得更好！但要怎麼做？第一步，先試著了解你的鄰居與生活環境吧！思考、挖掘公共議題，學習市民串聯行動方法，讓改變從小處著手，點滴累積成美好！★場次二：北桃園假日班時間：8/23(日)、8/30(日)、9/6(日)、9/13(日)  下午13:30-16:30地點：蘆竹區光明市民活動中心2樓(桃園市蘆竹區光明路二段33號)◎第一堂課、8/23(日)13:30-16:30 「發現你的生活藏寶圖!」講師：經典工程顧問專案經理  陳鳴誼老師地圖只有一種嗎？都市生活只有高樓大廈與車子嗎？用不同眼光去觀看，每個城市都是百寶箱！讓我們做個城市觀察員，一起發現你的生活藏寶圖吧！◎第二堂課、8/30(日)13:30-16:30「過好生活從散步開始」講師：三洽水環境教育中心執行長  胡家溱老師綠色生活地圖，清楚地標示出生活周遭有關自然的、人文的、健康的、環保的景點，並以一套世界通用、簡明生動的圖示來表示。透過綠色生活地圖，對生活環境有更多的了解。由了解開始，希望我們對環境產生更多關心與維護的意願，進而樂於改變自己的生活型態，以對土地更友善的方式生活。◎第三堂課、9/6(日)13:30-16:30「都市可以怎麼玩?」講師：還我特色公園行動聯盟  張雅琳老師都市帶來便利的生活，但我們卻被公寓大廈侷限了想像。有綠地的遊戲公園要怎麼玩，而沒有綠地也有沒有綠地的玩法，發揮創意，或許可以走上街道玩耍去！將公廈閒置的空間翻轉成遊戲場域，使公廈變得好玩又有趣。◎第四堂課、9/13(日)13:30-16:30「探索社區議題地圖」講師：中華大學建築與都市計畫學系副教授  侯順耀老師你的生活值得更好！但要怎麼做？第一步，先試著了解你的鄰居與生活環境吧！思考、挖掘公共議題，學習市民串聯行動方法，讓改變從小處著手，點滴累積成美好！■進階圓夢工作坊–共同課程 時間：9/20(日) 10:00-17:00、9/27(日) 10:00-17:00、10/18(日) 13:00-17:00，另搭配現地訪視進行。地點：蘆竹區光明市民活動中心2樓(桃園市蘆竹區光明路二段33號)◎9/20(日)   10:00-17:00「工作坊一：議題收斂、形成夥伴」講師：中華大學建築與都市計畫學系副教授  侯順耀老師/社造中心  林怡君、吳偉如◎9/27(日)   10:00-17:00「工作坊二：資源整合、擬定策略、形成計畫」講師：中華大學建築與都市計畫學系副教授  侯順耀老師/社造中心  林怡君、吳偉如★9/28~10/17依社區需求現地訪視與計畫討論◎10/18(日) 13:00-17:00「工作坊三：行動方案分享會」主持人：林怡君/回應人：向家弘老師、楊玉如老師,額滿為止,社會人文,社會領域
60,2020 夏令營和營隊資訊,2020年自然藝術季親子體驗活動－藝有所旨,關渡自然公園,11/7、11/8、11/14、11/21、11/28，上下午各一場，共10場次(上午場09:00-12:00；下午場13:00-16:00),7歲以上的親子家庭，家長與孩子共同參與（考量活動性質，1位家長最多帶2位孩子報名）,https://bit.ly/3ciR5Ex,https://ntdcamp.com/wp-content/uploads/2020/08/1_L76A5gL6176UbMgn7q4Ybg-600x400.jpeg,2020年自然藝術季親子體驗活動－藝有所旨透過闖關遊戲，開啟孩子的藝術視野、學習地圖判釋的技能，讓親子共同徜徉在充滿自然藝術氣息的關渡自然公園裡。認識地圖圖例、方位判釋。透過闖關活動，認識關渡國際自然藝術季的展品。利用闖關競賽的方式，激發孩子對自然藝術的興趣。,9月23日上午9點開放線上報名,自然科學,自然科學領域
61,2020 夏令營和營隊資訊,2020年臺北市立動物園服務隊志工召募,台北市立動物園,"召募對象以能長期(1年以上)協助者為佳（能每月固定於星期日服勤1日以上者）;
 一般條件(均須符合) ：年滿16歲、身心健康、具備愛心、喜歡大自然、動物，熱愛與人群互動者。喜歡戶外活動、有志為傳遞野生動物保育訊息盡己之力者。能每月固定於星期日服勤1日以上者，通過考評後，能在動物園服務至少2年。
特殊條件(符合任1項以上尤佳)：通曉第二語言（例如臺語、客語、英語、日語…等）、喜歡肢體表演、有活動主持經驗者尤佳
;年滿16歲、身心健康、具備愛心、喜歡大自然、動物，熱愛與人群互動者。喜歡戶外活動、有志為傳遞野生動物保育訊息盡己之力者。能每月固定於星期日服勤1日以上者，通過考評後，能在動物園服務至少2年。;第一梯次 109年9月12日(六)13:00-16:30、第二梯次 109年9月13日(日)13:00-16:30","
 一般條件(均須符合) ：年滿16歲、身心健康、具備愛心、喜歡大自然、動物，熱愛與人群互動者。喜歡戶外活動、有志為傳遞野生動物保育訊息盡己之力者。能每月固定於星期日服勤1日以上者，通過考評後，能在動物園服務至少2年。
特殊條件(符合任1項以上尤佳)：通曉第二語言（例如臺語、客語、英語、日語…等）、喜歡肢體表演、有活動主持經驗者尤佳
",https://bit.ly/3j90JMp,https://ntdcamp.com/wp-content/uploads/2020/08/1_L76A5gL6176UbMgn7q4Ybg-600x400.jpeg,2020年臺北市立動物園服務隊志工召募宗旨：臺北市立動物園（以下簡稱本園）運作悉以支持本園體現生物多樣性保育為目的，公開召募社會各階層人士擔任志願服務工作。預計召募服務內容：導覽解說志工(動物駐站教育解說服務)劇場推廣志工(兒童劇場教育演出服務)節能屋解說志工(節能屋教育解說活動),,自我成長,綜合活動領域
62,2020 夏令營和營隊資訊,2020年阿里山秋冬季星空生態體驗營,行政院農業委員會林務局嘉義林區管理處、嘉義市天文協會,9月12-13日、9月19-20日、10月9-10日、10月17-18日，共 4 梯次,最低參加年齡以9歲以上(國小三年級),https://bit.ly/3j49zuO,https://ntdcamp.com/wp-content/uploads/2020/08/1_L76A5gL6176UbMgn7q4Ybg-600x400.jpeg,2020年阿里山秋冬季星空生態體驗營第一天：12:30-13:00 阿里山森林遊樂區遊客中心前集合報到-->13:00搭乘電動遊園車前往沼平轉運站、步行前往阿里山生態館、阿里山生態館導覽、搭乘電動遊園車前往香林服務區，巨木群棧道生態體驗、搭乘電動遊園車返回阿里山生態館、天文主題活動(天文望遠鏡操作練習)-->17:30 床位分配(嘉義林管處阿里山第一員工寄宿舍)-->阿里山閣餐廳 晚餐、落日晚霞雲海留影-->19:00搭乘接駁車前往小笠原星空探索、望遠鏡觀星、星際留影->21:00返回第一招待所、盥洗、休息。第二天 ：3:30起床->搭乘祝山線小火車前往祝山->前往小笠原八角平台(日出觀察)、合影、步行前往阿里山閣餐廳->7:00早餐、整理行李->9:00沼平公園、姊妹潭生態探秘–11:00心得分享與回饋-->11:30 搭乘接駁車返回阿里山旅客服務中心->自由行程或返回嘉義(搭乘縣公車13:40或自行開車)->回到溫暖的家。,本活動於8月27日(四)上午9點開放報名，額滿截止,自然科學,自然科學領域
63,2020 夏令營和營隊資訊,2020年青少年獵人體驗營【ALI~kitulu】活動,原住民族委員會原住民族文化發展中心,10月17日(星期六)至18日(星期日)，共計2天1夜;即日起至109年10月4日（星期日）下午5時,全國國中及高中青少年,https://bit.ly/33fXegF,https://ntdcamp.com/wp-content/uploads/2020/08/1_L76A5gL6176UbMgn7q4Ybg-600x400.jpeg,2020年青少年獵人體驗營【ALI~kitulu】活動為向大眾推廣臺灣原住民族文化，本中心結合屏東縣瑪家鄉排灣社區發展協會辦理「2020年青少年獵人體驗營【Ari~kitulu】活動」，帶領學員至原民舊部落進行體驗學習，從「做中學」的過程中，傳承原住民古老智慧，培養勇氣與團隊合作，並傳達對土地之反思與關懷，歡迎全國國中及高中青少年踴躍報名參加。一.透過戶外文化體驗課程吸引學生參與，認識臺灣原住民族文化園區及臺灣原住民族文化，提升學員文化素養，讓學員從認識、了解進而能相互尊重。二.培育青少年身心健全發展，鼓勵積極主動學習之精神，發現自我並建立團隊合作精神。三.結合鄰近部落辦理活動，達到促進部落與本中心友好關係，共同推展原住民族文化。四.藉由活動行銷本園區及舊筏灣部落，建立園區及部落旅遊品牌。五.透過手作活動使學員親近土地、認識自然生態，傳遞愛惜山林、維護生態的信念，達到環境教育之目標。 ,即日起至109年10月4日（星期日）下午5時,藝術文化,藝術領域
64,2020 夏令營和營隊資訊,2020年高中職學生觀光導覽體驗營,臺南高商,10月17日（六）及10月18日（日），08:30-17:00,以正在修習應英科觀光休閒英語課程或觀光科一年級導覽課程學生優先。非應英、觀光科指定課程修課學生，以具備全民英檢初級複試通過以上學生優先錄取,https://bit.ly/33KRNGT,https://ntdcamp.com/wp-content/uploads/2020/07/duy-pham-Cecb0_8Hx-o-unsplash-600x338.jpg,2020年高中職學生觀光導覽體驗營課程主題：臺南觀光英文導覽體驗及實地演練，課程涵蓋府城老街老市集徒步英語導覽體驗、室內英語導覽訓練課程及府城歷史散步英語導演練，共計13小時樹人醫護管理專科學校吳欣霏助理教授、漂鳥旅行社英文導遊何宇軒及謝宗翰先生,9/25(五)17:00,語言學習,語文領域
65,2020 夏令營和營隊資訊,2020斜坡上的藝術節志工招募,屏東縣政府原住民處,"訓練日期暫定10/18(日)和10/28(三) ; 服務日期10月30日 (五) 、10月31日 (六)、11月1日 (日) ，共計3天;2020斜坡上的藝術節志工招募 2020年「斜坡上的藝術節」將於10月30日至11月1日連續三天,於潮州林後四林平地森林園區舉辦。以屏東原住民族Kacalisian文化底蘊為核心的藝術節，今年規劃以音樂及排灣、魯凱族原住民傳統木雕工藝兩大區塊為經緯，刻劃出2020斜坡藝術節輪廓。場域中帶出原住民、無國界、閩南、客家風、新住民齊聚的市集風貌，重現了林後四林場域(土牛溝原漢交界)，曾留下歷史價值與意義。 活動場域將規劃了四組規模大小、屬性不同的舞台，斜坡大舞台、斜坡野台、斜坡Vusam舞台、誰在斜坡那邊唱。唯獨斜坡大舞台節目規劃於晚間，其他舞台演出皆規劃中午至傍晚時間。各方音樂高手齊聚斜坡上，各個舞臺接力開唱。邀請原住民知名藝人登場演出，也規劃舉辦超級創作力的斜坡樂團大賽、撼動人心的勇士舞大賽及 斜坡上的藝術獎，更將屏東土地上國際級的感動-原住民族文化與古謠呈現在斜坡上的藝術節中。不僅如此，規劃傳統美食製作教學、音樂工作坊、手工藝工作坊、青年藝術行動、獵人工作坊、斜坡特色市集，打造屬於南臺灣屏東音樂藝術盛事，讓更多民眾走入屏東，被屏東的美好所擁抱。透過公部門、藝術創作者、部落與志工協力的過程，展現部落觀點、部落參與、在地能量，呼應「2020編號組別服務內容輪班梯次時間每梯所需人次總計人次需求A舞台節目組協助舞台活動進行、藝人上下台引導及節目流程管控等。10/30(五)11:30-22:30(11小時)51510/31(六)11:30-22:30(11小時)511/1(日) 11:30-22:30(11小時)5B交通組※協助汽、機車停車導引及秩序維護。10/30(五)11:30-17:30(6小時)2012010/30(五)16:30-22:30(6小時)2010/31(六)11:30-17:30(6小時)2010/31(六)16:30-22:30(6小時)2011/1(日)11:30-17:30(6小時)2011/1(日)16:30-22:30(6小時)20C諮詢服務組協助支援諮詢服務台，提供活動各項服務及節目資訊等。10/30(五)11:30-17:30(6小時)42410/30(五)16:30-22:30(6小時)410/31(六)11:30-17:30(6小時)410/31(六)16:30-22:30(6小時)411/1(日)11:30-17:30(6小時)411/1(日)16:30-22:30(6小時)4D場域組協助市集、環境維護、機動秩序管制等事宜等10/30(五)11:30-17:30(6小時)106010/30(五)16:30-22:30(6小時)1010/31(六)11:30-17:30(6小時)1010/31(六)16:30-22:30(6小時)1011/1(日)11:30-17:30(6小時)1011/1(日)16:30-22:30(6小時)10E紀錄組※拍攝活動紀錄、靜態攝影、活動直播執行。※須自備相機及拍攝經驗。※要隨時提供粉專小編照片po文。10/30(五)11:30-22:30(11小時)41210/31(六)11:30-22:30(11小時)411/1(日) 11:30-22:30(11小時)4總計231人 ",年滿16歲之高中(職)、五專、大專院校學生或社會人士，有熱忱、有責任感，有興趣的朋友們,https://bit.ly/33UjE7t,https://ntdcamp.com/wp-content/uploads/2020/07/duy-pham-Cecb0_8Hx-o-unsplash-600x338.jpg,"2020斜坡上的藝術節志工招募 2020年「斜坡上的藝術節」將於10月30日至11月1日連續三天,於潮州林後四林平地森林園區舉辦。以屏東原住民族Kacalisian文化底蘊為核心的藝術節，今年規劃以音樂及排灣、魯凱族原住民傳統木雕工藝兩大區塊為經緯，刻劃出2020斜坡藝術節輪廓。場域中帶出原住民、無國界、閩南、客家風、新住民齊聚的市集風貌，重現了林後四林場域(土牛溝原漢交界)，曾留下歷史價值與意義。 活動場域將規劃了四組規模大小、屬性不同的舞台，斜坡大舞台、斜坡野台、斜坡Vusam舞台、誰在斜坡那邊唱。唯獨斜坡大舞台節目規劃於晚間，其他舞台演出皆規劃中午至傍晚時間。各方音樂高手齊聚斜坡上，各個舞臺接力開唱。邀請原住民知名藝人登場演出，也規劃舉辦超級創作力的斜坡樂團大賽、撼動人心的勇士舞大賽及 斜坡上的藝術獎，更將屏東土地上國際級的感動-原住民族文化與古謠呈現在斜坡上的藝術節中。不僅如此，規劃傳統美食製作教學、音樂工作坊、手工藝工作坊、青年藝術行動、獵人工作坊、斜坡特色市集，打造屬於南臺灣屏東音樂藝術盛事，讓更多民眾走入屏東，被屏東的美好所擁抱。透過公部門、藝術創作者、部落與志工協力的過程，展現部落觀點、部落參與、在地能量，呼應「2020斜坡上的藝術節」所欲創造斜坡文化藝術的國際品牌。 本活動刻正招募熱忱夥伴擔任「志願服務人員」(以下簡稱志工)，於斜坡上的藝術節，協助民眾了解及順利安全參與現場所有活動、導覽、諮詢、環境維護、秩序維持…等服務。『斜坡上最力量』志工團隊，需要超級活力的您們，齊力加入!!志工服務內容及輪班時間：編號組別服務內容輪班梯次時間每梯所需人次總計人次需求A舞台節目組協助舞台活動進行、藝人上下台引導及節目流程管控等。10/30(五)11:30-22:30(11小時)51510/31(六)11:30-22:30(11小時)511/1(日) 11:30-22:30(11小時)5B交通組※協助汽、機車停車導引及秩序維護。10/30(五)11:30-17:30(6小時)2012010/30(五)16:30-22:30(6小時)2010/31(六)11:30-17:30(6小時)2010/31(六)16:30-22:30(6小時)2011/1(日)11:30-17:30(6小時)2011/1(日)16:30-22:30(6小時)20C諮詢服務組協助支援諮詢服務台，提供活動各項服務及節目資訊等。10/30(五)11:30-17:30(6小時)42410/30(五)16:30-22:30(6小時)410/31(六)11:30-17:30(6小時)410/31(六)16:30-22:30(6小時)411/1(日)11:30-17:30(6小時)411/1(日)16:30-22:30(6小時)4D場域組協助市集、環境維護、機動秩序管制等事宜等10/30(五)11:30-17:30(6小時)106010/30(五)16:30-22:30(6小時)1010/31(六)11:30-17:30(6小時)1010/31(六)16:30-22:30(6小時)1011/1(日)11:30-17:30(6小時)1011/1(日)16:30-22:30(6小時)10E紀錄組※拍攝活動紀錄、靜態攝影、活動直播執行。※須自備相機及拍攝經驗。※要隨時提供粉專小編照片po文。10/30(五)11:30-22:30(11小時)41210/31(六)11:30-22:30(11小時)411/1(日) 11:30-22:30(11小時)4總計231人 ",9月 30日止,自然科學,自然科學領域
66,2020 夏令營和營隊資訊,2020新瓦屋耕讀生活趣 – 大地藝術季體驗活動,新竹縣政府,"
傳統體驗活動 –
傳統米食DIY   9/27(日)14:00-15:00  /  15:30-16:30
小草鞋吊飾DIY 10/3(六)13:00-15:00
稻草掃把DIY  10/3(六) 15:30-17:30

稻草裝置體驗營  10/31(六)10:00-11:30  /  14:00-15:30
",不限、報名者如為國小以下幼童，需家長陪同,https://bit.ly/2Fs7Y3M,https://ntdcamp.com/wp-content/uploads/2020/07/duy-pham-Cecb0_8Hx-o-unsplash-600x338.jpg,2020新瓦屋耕讀生活趣 – 大地藝術季體驗活動 ,09 / 15 13:00:00 起開放報名,智慧農業,自然科學領域
67,2020 夏令營和營隊資訊,2020桃園市表演藝術觀察員培訓計畫,桃園市政府文化局,觀察能力養成 – 10/04（日）13:00-17:30、10/17（六）13:00-17:30 ; 劇團實地彩排觀摩 – 10－11月配合藝術綠洲演出創作團隊排練時間 ; 課後觀賞演出與心得撰寫分享 – 開放學員自由參加,不排斥寫字，對欣賞表演藝術演出與觀察書寫有興趣者,https://bit.ly/33LQFCR,https://ntdcamp.com/wp-content/uploads/2020/07/duy-pham-Cecb0_8Hx-o-unsplash-600x338.jpg,2020桃園市表演藝術觀察員培訓計畫揭開劇場的神秘面紗！觀看演出的各種眉角！10月4日（日）第一階段-能力養成12:30-13:00報到13:00-15:00做評論　講師｜吳思鋒15:00-15:30中場休息15:30-17:30戲劇評論徜徉遊——書寫的觀點與想像講師｜程皖瑄10月17日（六）第一階段-能力養成12:30-13:00報到13:00-15:00日常身體與表演身體　講師｜紀慧玲15:00-15:30中場休息15:30-17:30如何社區？怎樣劇場？——劇場進入地方的實踐觀察講師｜黃馨儀 第二階段－實地彩排觀摩（時間地點暫定）10/20（二）下午11/26（四）晚上報到報到自然而然劇團《共生公寓》彩排觀摩與現地座談（台北）慢島劇團《高地來的男人》彩排觀摩與現地座談（中壢）賦歸賦歸您覺得劇場這個黑盒子很神秘嗎？看完表演很感動，卻無法說清楚嗎？今年的觀察員計畫將邀請表演藝術不同領域的專業評論人開課，教您看演出時的切入角度，更搭配前往劇團排練場實地觀摩彩排，直擊台上完整演出背後的創作思考。在課程的最後，還有機會可以拿到限量2020桃園藝術綠洲創作計畫演出門票，如果您願意，也可以提筆寫下自己看表演的體驗，分享您的感動與共鳴！如果你是愛看表演的初心者，加入本計畫讓你從普通觀眾，成為懂得看熱鬧也會看門道的表演藝術觀察員！觀察員培訓培訓內容分為三階段，第一階段為能力養成，透過4堂課的專業師資授課，培養學員觀賞演出的視角與能力；第二階段為實地彩排觀摩，帶領學員直擊劇團幕後工作現場；第三階段為課後觀賞演出與心得撰寫分享，鼓勵學員觀賞演出後，撰寫演出觀賞心得，並交由輔導平台小編，將你的文章露出。觀察能力養成：邀請4位表演藝術評論專業師資，以深入淺出的方式帶領學員，觀察表演藝術節目的各個視角與面相。課程中將帶入互動討論、簡單的書寫練習，看見不同的觀察方法，並引導學員將觀賞體驗轉化成屬於自己的觀點！劇團實地彩排觀摩：學員前往藝術綠洲創作團隊劇場或排練場欣賞彩排後，邀請評論人與創作者現地座談，一起思考創作人的演出策略，最後也將安排學員QA時間。課後觀賞演出與心得撰寫分享：本項開放學員自由參加。將劇場觀賞體驗結合自身的生活經驗，以文字紀念生活中的感動！學員自行前往觀賞2020桃園藝術綠洲創作計畫系列演出1場，或其他自選之表演藝術節目（須於桃園演出），並於11/8（日）前完成心得文章（字數不限），交由輔導平台小編，將你的文章搭配劇團演出劇照露出  ,9月29日 （二） 23:59 截止,藝術文化,藝術領域
68,2020 夏令營和營隊資訊,2020海科館海灣浮潛X獨木舟親海FUN (九月份時間),海洋科技博物館,9/12(六)、9/13(日)、9/19(六)、9/20(日),對海域休閒活動以興趣之民眾,https://bit.ly/3j5uIFE,https://ntdcamp.com/wp-content/uploads/2020/07/duy-pham-Cecb0_8Hx-o-unsplash-600x338.jpg,戶外夏令營：2020海科館海灣浮潛X獨木舟親海FUN活動流程 起訖時間活動內容08:30-09:00  報到-博物館簡介及行程解說09:00-11:50環境教育課程-“驚”鯊記 海洋益智桌遊-海洋尋寶摺紙-鯨鯊紙雕12:00-13:00 午餐-海海風味餐13:00-13:30 參觀-珊瑚的秘密基地13:30-17:30 獨木舟+浮潛行程水上運動暖身操 / 裝備器材認識與安全規範水上個人與團體自救法 / 與魚兒共游台灣是個海島國家，全台灣海岸線總長約1200公里，這樣長的海岸線您認識我們的海了嗎??? 你對海洋有深刻的體驗過嗎??基隆是一個北台灣同時擁有山與海的都市，能眺望一望無際的海洋，而且基隆的望海巷現已是海洋保護區，國立海洋科技博物館並在這保護區復育了大量的珊瑚，小丑魚等等，想親眼看看他們並跟他們一起徜徉於此嗎??這會是個有深度的海洋之旅，讓您對海洋有更深刻的認識，是否也想要休閒於海濱了呢??快來加入我們吧!!!,額滿為止,自然科學,自然科學領域
70,2020 夏令營和營隊資訊,2020湯德章生命歷史足跡導覽行程,臺南市政府文化局,"
正義之路  9/19 (六) 9:00 – 12:00
勇氣之路  9/20 (日) 9:00 – 12:00
人權之路  9/27 (六) 9:00 – 12:00
烽火之路  10/3 (六) 9:00 – 12:00
勇氣之路  10/4 (日) 9:00 – 12:00
人權之路  10/17 (六) 9:00 – 12:00
",不限,https://bit.ly/35wLv02,https://ntdcamp.com/wp-content/uploads/2020/07/duy-pham-Cecb0_8Hx-o-unsplash-600x338.jpg,2020湯德章生命歷史足跡導覽行程綻放自由與民主〜人權歷史講座與導覽走讀1945年二次大戰結束，臺灣脫離日本殖民統治，但喜悅不及兩年，1947年二二八事件爆發，菁英消逝、民眾受難，當時政府統治者強力鎮壓與殺戮，在民間留下難以抹去的傷痛記憶。執政者在臺灣宣布戒嚴（1949-1987），當時寃、錯牢獄、假案充斥，不人道的搜查、逮捕、審訊、判決，不少人只因參加讀書會、閱讀左派書刊，就被冠以意圖叛亂的罪名，長期繫獄，也造成無數生命的殞落。形式上的補償和紀念不會帶來公義，只有理解真實的過去，真正的民主才能深根在臺灣這片土地上。臺灣的歷史傷痕或許可以撫平，但歷史不該被遺忘，為紀念那些曾經為城市、為臺灣人付出生命的先民，本局獲國家人權博物館補助‚辦理相關活動‚其中邀請臺南市文化資產保護協會於今年9-10月‚辦理六場人權歷史講座與六場導覽走讀。 ,,社會人文,社會領域
711,2020 夏令營和營隊資訊,2020灣的Land – 一日船長悠揚出航,台灣海洋帆船學校,9/26(六)、 10/1(四) – 10/4(日) 場次一：14:00-16:00、場次二：16:00-18:00,小孩可以參加 最小年齡為6歲以上,https://bit.ly/32shvPZ,https://ntdcamp.com/wp-content/uploads/2020/07/duy-pham-Cecb0_8Hx-o-unsplash-600x338.jpg,2020灣的Land – 一日船長悠揚出航以大鵬灣的海灣意象延伸，創造「灣的」系列活動策劃，同時將「灣的」與土地結合，並創造了「灣的Land・Wonderland」主概念。 無論是愛麗絲夢遊仙境還是小飛俠的永無島，都是Wonderland充滿想像的所在。乘著大鵬灣獨有的帆船，體驗徜徉海中的無限想像，同時結合屏東土地的美味與美好，創造屬於在地獨特的風土體驗，絕對是 Wonderland 能夠帶給眾人的絕佳滋味與記憶。帆船遊艇大揭密！一日船長出海體驗《活動一：一日船長悠揚出航-重型帆船航行體驗》駕駛帆船，前往偉大的航道吧！幻想成為船長，駕駛屬於自己的帆船出航嗎？大鵬灣灣域得天獨厚的天然環境，是最全台最適合玩帆船的水域，非常適合帆船新手，在帆船生活節期間還有最專業教練手把手帶您體驗駕駛帆船，還不快來報名參加，一圓您的船長夢。課程時間共2小時，包含基礎教學及航行體驗課程：一、基礎教學：安全說明/帆船結構介紹（30分鐘）二、航行體驗：升降帆操作/掌舵控制/各航向體驗（90分鐘）  ,額滿為止,健康體育,健康體育領域
72,2020 夏令營和營隊資訊,2020臺南市水域遊憩體驗活動：柳營區德元埤荷蘭村SUP和獨木舟體驗,臺南市政府觀光旅遊局, 10/9、10/10 （每天共有6梯次 10:00~10:50、11:00~11:50、13:00~13:50、14:00~14:50、15:00~15:50、16:00~16:50）,國小以上之學童（獨木舟限身高120公分以上、SUP限身高140公分以上之民眾）,https://bit.ly/2ZPxerC,https://ntdcamp.com/wp-content/uploads/2020/07/duy-pham-Cecb0_8Hx-o-unsplash-600x338.jpg,2020臺南市水域遊憩體驗活動：柳營區德元埤荷蘭村I.  提供臺南市民眾於假日親水與水上休閒活動，提升親子互動關係、進而提升臺南市健康城市形象。II. 藉活動之舉辦，增加水上休閒活動人口，培養民眾水上休閒運動習慣。III.宣導水上活動安全觀念，提升民眾水上活動安全知識，降低溺水事件發生。並提倡探索教育體驗，培養勇於嘗試新事物之挑戰精神。IV.提供多元觀光資源，綠能休閒活動，吸引各地同好、觀光客安排假期蒞臨，提升臺南市觀光效益，及落實低碳城市政策。活動內容(獨木舟、SUP及龍舟板)時間(分鐘)地點內容備註15教學區行前課程介紹器材、基本槳法(前後划、側划及擋水等)、安全事項(含救生衣的穿著)25體驗區體驗時間以無動力的方式享受大自然10上下船區上岸收回救生衣及船槳、填寫問卷,活動日期前10天開始報名，10月9日梯次 9/29 12:00報名、10月10日梯次 9/30 12:00報名,健康體育,健康體育領域
73,2020 夏令營和營隊資訊,2020臺南市水域遊憩體驗活動暨安全提升-水域防災教育訓練,臺南市政府觀光旅遊局,10月11日 上午10點至12點,台南市民（親子）,https://bit.ly/3inhGBW,https://ntdcamp.com/wp-content/uploads/2020/08/original-600x400.png,2020臺南市水域遊憩體驗活動暨安全提升-水域防災教育訓練活動內容時間(分鐘)地點內容備註30教學區水域安全宣導水域安全宣導:自救及救溺方式30教學區水域安全實際操作及操槳練習親子實際操作救援方式及操槳練習30體驗區獨木舟體驗以無動力的方式享受大自然30上下岸活動結束，協助學員上下岸填寫問卷I.  為宣導水域安全活動，使市民養成正確的自救觀念與技能，並提升親子互動關係、進而提升臺南市健康城市形象。II. 藉活動之舉辦，使市民對於水域安全的觀念提升，不僅可以自救也了解如何救人。III.宣導水上活動安全觀念，提升民眾水上活動安全知識，降低溺水事件發生。並提倡探索教育體驗，培養勇於嘗試新事物之挑戰精神。IV.提供多元觀光資源，綠能休閒活動，吸引各地同好、觀光客安排假期蒞臨，提升臺南市觀光效益，及落實低碳城市政策。 ,10/5上午12點開放網路報名,自然科學,自然科學領域
74,2020 夏令營和營隊資訊,2020臺南水域遊憩體驗活動-南區黃金海岸風箏衝浪,臺南市政府觀光旅遊局, 9/19、9/20 (10:00~12:00、13:00~15:00、15:30~17:30),年齡限制15~55歲，身心健康且能服從教練指導，如有心臟病、癲癇、懷孕及半年內有重大手術者，不得參加,https://bit.ly/337Jzs7,https://ntdcamp.com/wp-content/uploads/2020/08/original-600x400.png,2020臺南水域遊憩體驗活動-南區黃金海岸風箏衝浪活動內容(風箏衝浪)時間(分鐘)地點內容備註30教學區行前課程介紹器材、基本操作教學、安全事項級水上安全教育75體驗區體驗時間15上下船區上岸收回救生衣及裝備、填寫問卷 ,9/9中午12:00 (報名9/19場次)、9/10中午12:00(報名9/20場次),健康體育,健康體育領域
76,2020 夏令營和營隊資訊,2020覓蛤兼牽罟、蝦or蟹苗放流,海洋客家牽罟文化館,10月4日、10月9日、10月11日、10月17日、10月18日，共五梯次,不限,https://bit.ly/34egzzk,https://ntdcamp.com/wp-content/uploads/2020/08/original-600x400.png,2020覓蛤兼牽罟、蝦or蟹苗放流1. 牽罟體驗體驗早期沿海居民赤腳踩在沙灘上，一起齊心合力，將漁獲拉上岸的滿心期待2. 覓蛤兼洗褲踏踏沙灘、吹海風，身一彎，手一抓，豐收帶回家，來體驗覓蛤兼洗褲吧！3. 蝦or蟹苗放流我們取之於海洋，回饋於海洋 08：00牽罟文化館相見歡08：30牽罟安全教育09：00覓蛤仔09：30牽罟10：30蝦or蟹苗放流11：00賦歸,該場次前2天,自然科學,自然科學領域
77,2020 夏令營和營隊資訊,2020銘傳大學親善服務隊 – 美姿美儀訓練營,銘傳大學產學暨推廣處,第一梯次109年10月17日至109年10月18日；第二梯次110年1月23日至110年1月24日,13-18歲,https://bit.ly/36neNP9,https://ntdcamp.com/wp-content/uploads/2020/08/original-600x400.png,2020銘傳大學親善服務隊 – 美姿美儀訓練營藉由兩天的營隊，從生活應對進退、優雅接待禮儀的教授，讓高中生體驗銘傳親善服務隊學員的大學生活，讓高中生能提早具備打理合宜妝容的能力及服裝打理，以期在未來大學面試時相關基本能力與技巧也能迎刃而解。,額滿為止,健康體育,健康體育領域
79,2020 夏令營和營隊資訊,2020陽明山冬季螢生態觀察營,陽明山國家公園管理處,第1梯次2020年10月24日(星期六)、第2梯次2020年10月25日(星期日),對大自然有興趣者，國中以下之學童需有家長一起報名（家長亦需報名繳費），未滿5歲幼童、孕婦等，因安全考量請勿報名本活動,https://bit.ly/319el3N,https://ntdcamp.com/wp-content/uploads/2020/08/original-600x400.png,2020陽明山冬季螢生態觀察營臺灣是盛產螢火蟲的島嶼，除了大家普遍會在春夏季看到螢火蟲外，秋冬季節也是可以觀察到不少螢火蟲，我們稱之「秋螢與冬螢」，秋冬季的螢火蟲有別於春夏的種類，主要有窗螢屬、短角窗螢屬、扁螢屬及垂鬚螢屬4個屬。這4個屬與春夏季的主要種類熠螢屬不太一樣，通常不是整群大發生，比較屬於零星個體，發連續光並不會閃爍，在陽明山的秋季至冬季10-12月會出現4種螢火蟲，其中橙螢是主要種類，廣泛分布於陽明山區，富有觀察及研究的價值。陽明山國家公園希望有更多的人來認識園區內的秋冬螢，課程內容包括：螢火蟲基礎分類、冬季螢火蟲介紹、野外螢火蟲夜間觀察等課程，歡迎對於螢火蟲生態觀察有興趣的朋友來參加。時間活動內容活動地點13：10-13：30活動報到劍潭捷運站2號出口13：30-14：30搭車前往陽明書屋14：30-15：00分組介紹陽明書屋15：00-16：00螢火蟲基礎分類陽明書屋15：00-17：00冬季螢火蟲介紹陽明書屋17：00-17：30晚餐陽明書屋17：30-20：30野外夜間觀察螢火蟲陽明書屋20：30-21：00賦歸劍潭捷運站,2020年10月12日10：00 起開放、額滿為止,自然科學,自然科學領域
80,2020 夏令營和營隊資訊,2020高中海狸一日營,教育部,,,"
7月21日(二)-臺北場一-臺師大公館校區  https://bit.ly/2MZ0jdu
7月24日(五)-臺北場二-臺師大公館校區  https://bit.ly/3huFjsO
7月28日(二)-花蓮場-花蓮高工 https://bit.ly/3foxOlq
7月30日(四)-高雄場-正修科大 https://bit.ly/2Yxnq41
8月04日(二)-臺中場-惠文高中 https://bit.ly/30GQfOk
;7月21日(二)-臺北場一-臺師大公館校區  https://bit.ly/2MZ0jdu;7月24日(五)-臺北場二-臺師大公館校區  https://bit.ly/3huFjsO;7月28日(二)-花蓮場-花蓮高工 https://bit.ly/3foxOlq;7月30日(四)-高雄場-正修科大 https://bit.ly/2Yxnq41;8月04日(二)-臺中場-惠文高中 https://bit.ly/30GQfOk",https://ntdcamp.com/wp-content/uploads/2020/08/original-600x400.png,2020高中海狸一日營，每人限報一場海狸一日營,,自然科學,自然科學領域
811,2020 夏令營和營隊資訊,2020高中生台大生物科學夏令營,國立臺灣大學工學院/生命科學院,,暑假後升10年級以上；對生物學有濃厚興趣之學生,"
https://bit.ly/3hYs7wy
第二梯次：https://bit.ly/3hWkua8
;https://bit.ly/3hYs7wy;https://bit.ly/3hWkua8",https://ntdcamp.com/wp-content/uploads/2020/08/original-600x400.png,"2020高中生台大生物科學夏令營為培養高中生於生物科學與工程多方領域知識的整合所舉辦的營隊，期學生能透過一系列的課程活動探索跨系工程知識的實作學習，探索自己未來學習的興趣與方向。本營隊全程研習完畢後將頒發上課證明。l 細胞結構：細胞是生命的單位,細胞的結構和功能是生命科學和生物技術的基礎知識。生物學中的細胞理論就像化學中的原子理論。所有生物學學生都必須掌握它才能真正學到生物的奧秘。學生將學習:（1）細胞與細胞培養（2）細胞與染色體實驗（3）DNA與遺傳（4）遺傳實驗l 生物技術：現代生物技術基礎於DNA操作。DNA解碼是展開生物技術的第一步。重組DNA或基因技術的發展是生物技術進步的核心。 DNA知識對現代生物學家至關重要。學生將學習:（1）酵母菌與人類生活（2）酵母菌實驗（3）基因轉殖實驗（4）聚合酶練反應實驗★需修習過高中基礎生物★",,自然科學,自然科學領域
82,2020 夏令營和營隊資訊,2021 年南山模擬聯合國會議,南山模擬聯合國會議組織委員會、財團法人新北市南山學園教育基金會,2021 年 1 月 26 日（二） 至 1 月 28 日（四），共三天兩夜 （不一定要住宿）,就讀海內外之公私立高中職、專科學校一至三年級之學生且具流暢中文能力、基礎至中等以上英文綜合能力，對模擬聯合國活動、國際事務感興趣者,https://bit.ly/33ncTLd,https://ntdcamp.com/wp-content/uploads/2020/08/2020-07-30-16-33-53-1b512cdcbaa8d61af72a0f8c1a609e56-1-600x220.png,"2021 年南山模擬聯合國會議這是一個海內外優秀青年齊聚，一同深入探討並解決國際議題、激盪出火花的地方。它兼具了學術的專業與多元性，著重於培養你的宏闊國際觀及解決時代問題的能力。今年，我們將帶領你超越視野。會議精神 因其國而容天下 容，旨在融入、包容。因其國而容天下 ── 各國從自己國家做起，努力完善，便可對世界有所貢獻。南山模聯秉持一貫理念「因其國而容天下」，於各方面廣納多方資源、兼容並蓄。 會議目標 南山模擬聯合國會議在專業、多元背景學術團隊指導引領下，將來自世界各地的優秀國高中青年們集於一堂，望能透過此平台，藉時下國高中青年的多方觀點及思維，深入討論國際重大議題、激盪出別於以往的火花，培養其宏闊的國際觀及解決時代重大議題的能力。NSMUN 2021得到來自各方的肯定與激賞，挾著此股氣勢與感激，本年度標語 “Beyond Vision”，期望南山模聯與大家一同成長茁壯的同時，帶給大家超越視野的感受。 會議特色 臺灣高中模聯會議首見的「中文委員會」 除設有模聯慣有的英文委員會外，南山模擬聯合國會議更設有中文委員會，提供多元環境，讓同樣對國際重大議題持有熱忱的學子能從不同的語言導向深入議題，為世界共盡一份心力。 來自世界各地的優秀高中青年作為參會代表 除了邀請全臺灣的國高中生參與外，我們同時邀請到來自大陸、香港、馬來西亞等地知名學校的模聯代表，期望從多方的理性對話中，將國際重大議題做更進一步地拓展與創新並促進代表間建立長久友誼關係。 多元化的學術團隊 邀請專家學者擔任會議學術顧問、海峽兩岸的優秀模聯人擔任會議學術指導並且協助培訓主席團，穩固會議的學術品質。學術支持：政治大學、夏威夷駐台辦事處 全國首創高中生特殊委員會英文專場 首創高中特殊委員會，使用美規，以模聯界廣受歡迎的歷史委員會形式呈現。 會議委員會 Trump Cabinet 1. US Immigration Policies & Border Security 2. US-China Trade War 英文特殊委員會，40人，雙代表 聯合國大會－1947 第181號決議：巴勒斯坦分割方案 中文委員會，100人，雙代表 World Tourism Organization Over-tourism: Strategies Coping with Environmental, Societal, and Economic Impacts 英文委員會，100人，雙代表",9/30,商業管理,綜合活動領域
83,2020 夏令營和營隊資訊,2021 年第 32 屆國際生物奧林匹亞競賽初賽,教育部國民及學前教育署,11月7日（星期六）上午9:30～11:30,(1) 團體報名：具中華民國國籍之高中(職)學校在學學生，由生物科任課教師推薦、（2）個人報名：教育部『基礎科學人才培育計畫』等計畫之生物資賦優異學生或曾代 表國家參加國際科學競賽得獎者，得由指導教授推薦，經資格審查， 得以個人方式報名,https://bit.ly/3jdHUrW,https://ntdcamp.com/wp-content/uploads/2020/08/2020-07-30-16-33-53-1b512cdcbaa8d61af72a0f8c1a609e56-1-600x220.png,2021 年第 32 屆國際生物奧林匹亞競賽初賽,10 月 6 日(二)截止,自然科學,自然科學領域
84,2020 夏令營和營隊資訊,2021台大陽明聯合物治營,台灣大學物理治療學系、陽明大學物理治療學系,2021/01/25~2021/01/29 （住宿在瘋台北青旅）,高中生,https://bit.ly/3iIPxoU,https://ntdcamp.com/wp-content/uploads/2020/08/2020-07-30-16-33-53-1b512cdcbaa8d61af72a0f8c1a609e56-1-600x220.png,2021台大陽明聯合物治營 ,即日起至11/21(六)截止,社會人文,社會領域
85,2020 夏令營和營隊資訊,2021年成大鳳凰模擬聯合國籌備部門夥伴招募,鳳凰模擬聯合國,10/3（六）～10/6（二） 19:00~22:00,高中、大學、研究所學生,https://bit.ly/3cxLBGj,https://ntdcamp.com/wp-content/uploads/2020/08/2020-07-30-16-33-53-1b512cdcbaa8d61af72a0f8c1a609e56-1-600x220.png,2021年成大鳳凰模擬聯合國籌備部門夥伴招募後疫情時代來臨，澆不熄我們對MUN的熱情！2021鳳凰模聯即將登場～歡迎加入籌備部門，一起締造南臺灣最大會議！想要累積更多經驗，豐富你的高中/大學/研究所生活嗎？想要看看模擬聯合國的世界是什麼樣的嗎？別再猶豫！要的就是你！  ,,社會人文,社會領域
86,2020 夏令營和營隊資訊,iFun科普創客嘉年華STEAM工作坊,國立自然科學博物館,9月11日-11月15日，詳細場次時間請參閱下表,不限,https://bit.ly/2G1uAYO,https://ntdcamp.com/wp-content/uploads/2020/08/2020-07-30-16-33-53-1b512cdcbaa8d61af72a0f8c1a609e56-1-600x220.png,iFun科普創客嘉年華STEAM工作坊活動場次：日期時間活動名稱費用109/09/11 (五)13:30-14:30探索你的微米生物世界免費109/09/11(五)14:30-15:30用愛發光感測器小夜燈實作300元109/09/11(五)15:30-16:30羅庫伯競賽體驗免費109/09/12(六)13:30-14:30探索你的微米生物世界免費109/09/12(六)14:30-15:30用愛發光感測器小夜燈實作300元109/09/12(六)15:30-16:30羅庫伯競賽體驗免費109/09/13(日)13:30-14:30探索你的微米生物世界免費109/09/13(日)14:30-15:30用愛發光感測器小夜燈實作300元109/09/13(日)15:30-16:30羅庫伯競賽體驗免費109/09/18(五)13:30-14:30邏輯編程機器人親子體驗免費109/09/18(五)14:30-15:30用愛發光感測器小夜燈實作300元109/09/18(五)15:30-16:30羅庫伯競賽體驗免費109/09/19(六)13:30-14:30邏輯編程機器人親子體驗免費109/09/19(六)14:30-15:30用愛發光感測器小夜燈實作300元109/09/19(六)15:30-16:30羅庫伯競賽體驗免費109/09/20(日)13:30-14:30邏輯編程機器人親子體驗免費109/09/20(日)14:30-15:30用愛發光感測器小夜燈實作300元109/09/20(日)15:30-16:30羅庫伯競賽體驗免費109/09/25(五)13:30-14:30動手做濾藍光cardboardVR眼鏡200元109/09/25(五)14:30-15:30用愛發光感測器小夜燈實作300元109/09/26(六)13:30-14:30動手做濾藍光cardboardVR眼鏡200元109/09/26(六)14:30-15:30用愛發光感測器小夜燈實作300元109/09/27(日)13:30-14:30動手做濾藍光cardboardVR眼鏡200元109/09/27(日)14:30-15:30用愛發光感測器小夜燈實作300元109/10/16(五)13:30-14:30動手做濾藍光cardboard VR眼鏡200元109/10/16(五)14:30-15:303D列印筆手作你的蝴蝶課程200元109/10/16(五)15:30-16:30邏輯編程機器人親子體驗免費109/10/17(六)13:30-14:30動手做濾藍光cardboard VR眼鏡200元109/10/17(六)14:30-15:303D列印筆手作你的蝴蝶課程200元109/10/17(六)15:30-16:30邏輯編程機器人親子體驗免費109/10/18(日)13:30-14:30動手做濾藍光cardboard VR眼鏡200元109/10/18(日)14:30-15:303D列印筆手作你的蝴蝶課程200元109/10/18(日)15:30-16:30邏輯編程機器人親子體驗免費109/10/30(五)13:30-14:30羅庫伯競賽體驗免費109/10/30(五)14:30-15:30用愛發光感測器小夜燈實作300元109/10/30(五)15:30-16:303D列印筆手作你的蝴蝶課程200元109/10/31(六)13:30-14:30羅庫伯競賽體驗免費109/10/31(六)14:30-15:30用愛發光感測器小夜燈實作300元109/10/31(六)15:30-16:303D列印筆手作你的蝴蝶課程200元109/11/1(日)13:30-14:30羅庫伯競賽體驗免費109/11/1(日)14:30-15:30用愛發光感測器小夜燈實作300元109/11/1(日)15:30-16:303D列印筆手作你的蝴蝶課程200元109/11/06(五)13:30-14:30探索你的微米生物世界免費109/11/06(五)14:30-15:30AVR虛擬擴增實境帶你探索全世界免費109/11/06(五)15:30-16:30用愛發光感測器小夜燈實作300元109/11/07(六)13:30-14:30探索你的微米生物世界免費109/11/07(六)14:30-15:30AVR虛擬擴增實境帶你探索全世界免費109/11/07(六)15:30-16:30用愛發光感測器小夜燈實作300元109/11/08(日)13:30-14:30探索你的微米生物世界免費109/11/08(日)14:30-15:30AVR虛擬擴增實境帶你探索全世界免費109/11/08(日)15:30-16:30&用愛發光感測器小夜燈實作300元109/11/13(五)13:30-14:30邏輯編程機器人親子體驗免費109/11/13(五)14:30-15:30用愛發光感測器小夜燈實作300元109/11/13(五)15:30-16:30程式謎題體驗工作坊免費109/11/14(六)13:30-14:30邏輯編程機器人親子體驗免費109/11/14(六)14:30-15:30用愛發光感測器小夜燈實作300元109/11/14(六)15:30-16:30程式謎題體驗工作坊免費109/11/15(日)13:30-14:30邏輯編程機器人親子體驗免費109/11/15(日)14:30-15:30用愛發光感測器小夜燈實作300元109/11/15(日)15:30-16:30程式謎題體驗工作坊免費,9月25日 早上10點開放報名，免費活動前兩天截止報名、付費活動10/6截止報名,資訊科技,科技領域
87,2020 夏令營和營隊資訊,IKEA小小生活體驗營,IKEA宜家宜居,9/5-9/6、9/12-9/13、9/19-9/20、9/26-9/27(每週六日) 11:00-20:00任一時間開始皆可。完成所有體驗約時30分鐘 (最後領取闖關卡19:30),建議5-12歲參加 (家長需全程陪同完成),https://bit.ly/33hm1B1,https://ntdcamp.com/wp-content/uploads/2020/08/2020-07-30-16-33-53-1b512cdcbaa8d61af72a0f8c1a609e56-1-600x220.png,IKEA小小生活體驗營讓孩子成為居家生活小高手！在這裡他們將學會：如何自己組裝家具、起床折好棉被、珍惜餐桌上的食物、到超市幫媽媽買菜！,,社會人文,社會領域
88,2020 夏令營和營隊資訊,MATRIX MINI機器人創客工作坊,遠東科技大學,10月31日(六)09:00－16:00,公私立高中職以上在學學生及教師、國中小教師,https://bit.ly/341eR4b,https://ntdcamp.com/wp-content/uploads/2020/08/2020-07-30-16-33-53-1b512cdcbaa8d61af72a0f8c1a609e56-1-600x220.png,MATRIX MINI機器人創客工作坊創意與創新是未來世界公民應具備的競爭能力，在數位時代發展趨勢中，機器人應用更是各國競相發展的戰略產業之一。為啟發各級學校師生跨領域學習之熱情，和應用機器人科技解決問題的創造力，藉由機器人競賽任務之設定，訓練學生問題解決、自我表達、靈活應變與溝通協調的能力，以達到「想得出」、「做得到」的目標。透過賽前種子教師研習課程之辦理，讓與會教師瞭解機器人教育之現況及未來發展應用，提升教師於機器人教育之專業知能。研習流程： 日期研習地點課程時間活動內容10/31(六)遠東科技大學96N4商管實習室09:00－09:50Matrix Mini機器人套件介紹10:00－10:50Matrix組裝教學11:00－11:50Matrix Mini控制器與程式設計12:00－12:50中午休息13:00－13:50arduino 可程式基礎應用。14:00－14:50作品製作(一)15:00－15:50作品製作(二)16:00研習活動結束,額滿截止,資訊科技,科技領域
89,2020 夏令營和營隊資訊,OPEN HOUSE西灣築夢．卓然不惑 一日中山人活動,國立中山大學,11月28日（六）9時至17時,全國⾼中(職)⽣,https://bit.ly/36z0B5R,https://ntdcamp.com/wp-content/uploads/2020/08/2020-07-30-16-33-53-1b512cdcbaa8d61af72a0f8c1a609e56-1-600x220.png,OPEN HOUSE西灣築夢．卓然不惑 一日中山人活動慶祝國立中山大學成立40週年，特以開放校園形式，使高中學生跳出原有學習之框架模式，能夠學習跨領域專業課程與國立中山大學各式特色體驗課程，讓未來大學生活不再只是想像，爰邀請全國高中學生來到西灣築夢，體驗一日中山人的課堂日常。活動內容包括：單日校園開放一次體驗中山人生活、共學群工作坊x學系特色課程洗禮、大學選才政策認識專題講座以及限定景點及特色活動體驗,10月5日開放，至10月20日為止,藝術文化,藝術領域
90,2020 夏令營和營隊資訊,Wifiboy Arcade互動遊戲程式設計II,台北市青少年發展處,10/24 09:00-16:30 (共6小時、午餐自理),11~18歲青少年,https://bit.ly/3l7TAg5,https://ntdcamp.com/wp-content/uploads/2020/08/2020-07-30-16-33-53-1b512cdcbaa8d61af72a0f8c1a609e56-1-600x220.png,Wifiboy Arcade互動遊戲程式設計II ,10月11日,資訊科技,科技領域
